과목,번호,구분,질문,정답,키워드(빈칸),오답보기
"기능해부학",1,"PART 1 · 기초 해부학","해부학적 자세란?","똑바로 서서 눈은 정면, 팔은 몸통 옆, 손바닥은 앞을 향하고, 발은 모아 앞을 향한 자세","정면 / 앞 / 앞","측면 / 뒤 / 위"
"기능해부학",2,"PART 1 · 신체 면","시상면(Sagittal)이란?","신체를 좌우로 나누는 면 → 굴곡·신전 운동","좌우 / 굴곡 / 신전","상하 / 외전 / 내회전"
"기능해부학",3,"PART 1 · 신체 면","관상면(Frontal/Coronal)이란?","신체를 앞뒤로 나누는 면 → 외전·내전 운동","앞뒤 / 외전 / 내전","좌우 / 굴곡 / 외회전"
"기능해부학",4,"PART 1 · 신체 면","횡단면(Transverse)이란?","신체를 상하로 나누는 면 → 내회전·외회전 운동","상하 / 내회전 / 외회전","앞뒤 / 굴곡 / 외전"
"기능해부학",5,"PART 1 · 방향 용어","Medial / Lateral의 의미는?","내측(Medial) = 몸 중심에 가까운 / 외측(Lateral) = 몸 중심에서 먼","내측(Medial) / 외측(Lateral)","근위(Proximal) / 원위(Distal) / 전방(Anterior)"
"기능해부학",6,"PART 1 · 방향 용어","Proximal / Distal의 의미는?","근위(Proximal) = 몸통에 가까운 / 원위(Distal) = 몸통에서 먼","근위(Proximal) / 원위(Distal)","내측(Medial) / 외측(Lateral) / 후방(Posterior)"
"기능해부학",7,"PART 1 · 관절운동","굴곡(Flexion)과 신전(Extension)의 차이는?","굴곡 = 관절 각도 감소 / 신전 = 관절 각도 증가","감소 / 증가","고정 / 회전 / 분리"
"기능해부학",8,"PART 1 · 관절운동","외전(Abduction)과 내전(Adduction)의 차이는?","외전 = 몸 중심에서 멀어짐 / 내전 = 몸 중심으로 가까워짐","멀어짐 / 가까워짐","회전함 / 굽혀짐 / 펴짐"
"기능해부학",9,"PART 1 · 관절운동","배측굴곡(Dorsiflexion)과 족저굴곡(Plantarflexion)이란?","배측굴곡 = 발등 쪽 굽힘 / 족저굴곡 = 발바닥 쪽 굽힘","발등 / 발바닥","발가락 / 발뒤꿈치 / 복사뼈"
"기능해부학",10,"PART 1 · 관절 종류","경첩관절(Hinge joint)의 예시 3가지는?","무릎 / 팔꿈치 / 발목","무릎 / 팔꿈치 / 발목","견관절(어깨관절) / 고관절(엉덩관절) / 손목 / 척추"
"기능해부학",11,"PART 1 · 관절 종류","구상관절(Ball & Socket joint)의 예시는?","견관절(어깨관절) / 고관절(엉덩관절)","견관절(어깨관절) / 고관절(엉덩관절)","무릎 / 발목 / 팔꿈치 / 손목"
"기능해부학",12,"PART 1 · 결합조직","건(Tendon)과 인대(Ligament)의 차이는?","건 = 근육과 뼈를 연결 / 인대 = 뼈와 뼈를 연결","근육 / 뼈","연골 / 피부 / 신경"
"기능해부학",13,"PART 1 · 무릎인대","무릎 인대 4가지는?","전방십자인대(ACL) / 후방십자인대(PCL) / 내측부인대(MCL) / 외측부인대(LCL)","전방십자인대(ACL) / 후방십자인대(PCL) / 내측부인대(MCL) / 외측부인대(LCL)","전거비인대(ATFL) / 종비인대(CFL) / 슬개인대 / 장경인대"
"기능해부학",14,"PART 1 · 발목인대","발목 외측인대 3가지는?","전거비인대(ATFL) / 후거비인대(PTFL) / 종비인대(CFL)","전거비인대(ATFL) / 후거비인대(PTFL) / 종비인대(CFL)","내측부인대(MCL) / 전방십자인대(ACL) / 족저근막 / 스프링인대"
"기능해부학",15,"PART 1 · 근육 수축","근육 수축 유형 4가지는?","단축성 / 신장성 / 등척성 / 등속성","단축성 / 신장성 / 등척성 / 등속성","탄성 / 수동성 / 폭발성"
"기능해부학",16,"PART 1 · 근육 수축","신장성(Eccentric) 수축의 특징은?","근육이 길어지면서 힘을 냄 → DOMS 유발","길어지면서 / DOMS","수축하면서 / 고정된 채 / 빠르게 / 지연성근육통 / EPOC"
"기능해부학",17,"PART 1 · 근육 역할","주동근 / 길항근 / 협력근이란?","주동근 = 동작 직접 수행 / 길항근 = 반대 동작으로 조절 / 협력근 = 보조·안정화","주동근 / 길항근 / 협력근","보조근 / 중간근 / 고정근"
"기능해부학",18,"PART 2 · 근육 묶음","복근 4가지는?","복직근 / 외복사근 / 내복사근 / 복횡근","복직근 / 외복사근 / 내복사근 / 복횡근","요방형근 / 장요근 / 횡격막 / 전거근"
"기능해부학",19,"PART 2 · 근육 묶음","회전근개(Rotator Cuff) 4가지는?","극상근 / 극하근 / 소원근 / 견갑하근","극상근 / 극하근 / 소원근 / 견갑하근","대원근 / 삼각근 / 상완이두근 / 능형근"
"기능해부학",20,"PART 2 · 근육 묶음","대퇴사두근 4가지는?","대퇴직근 / 외측광근 / 내측광근 / 중간광근","대퇴직근 / 외측광근 / 내측광근 / 중간광근","반건양근 / 대퇴이두근 / 봉공근 / 대내전근"
"기능해부학",21,"PART 2 · 근육 묶음","햄스트링 3가지는?","대퇴이두근 / 반건양근 / 반막양근","대퇴이두근 / 반건양근 / 반막양근","대퇴직근 / 외측광근 / 봉공근 / 대내전근"
"기능해부학",22,"PART 2 · 근육 묶음","내전근군 5가지는?","대내전근 / 장내전근 / 단내전근 / 박근 / 치골근","대내전근 / 장내전근 / 단내전근 / 박근 / 치골근","반건양근 / 봉공근 / 대퇴직근 / 장요근"
"기능해부학",23,"PART 2 · 근육 묶음","척추기립근 3가지는?","장늑근 / 최장근 / 극근","장늑근 / 최장근 / 극근","요방형근 / 반극근 / 다열근 / 회선근"
"기능해부학",24,"PART 2 · 근육 묶음","둔근 3가지는?","대둔근 / 중둔근 / 소둔근","대둔근 / 중둔근 / 소둔근","이상근 / 대퇴방형근 / 대퇴이두근 / 장요근"
"기능해부학",25,"PART 2 · 근육 묶음","종아리 2가지 근육은?","비복근 / 가자미근","비복근 / 가자미근","전경골근 / 장비골근 / 후경골근 / 장지굴근"
"기능해부학",26,"PART 2 · 근육 묶음","거위발(Pes Anserinus) 부착 근육 3가지는?","봉공근 / 박근 / 반건양근","봉공근 / 박근 / 반건양근","반막양근 / 대퇴이두근 / 대내전근 / 치골근"
"기능해부학",27,"PART 2 · 이관절 근육","대퇴직근이 관여하는 동작은?","고관절(엉덩관절) 굴곡 + 슬관절(무릎관절) 신전","고관절(엉덩관절) 굴곡 / 슬관절(무릎관절) 신전","고관절(엉덩관절) 신전 / 슬관절(무릎관절) 굴곡 / 고관절(엉덩관절) 외전"
"기능해부학",28,"PART 2 · 이관절 근육","비복근이 관여하는 동작은?","슬관절(무릎관절) 굴곡 + 족관절(발목관절) 족저굴곡","슬관절(무릎관절) 굴곡 / 족저굴곡","슬관절(무릎관절) 신전 / 배측굴곡 / 고관절(엉덩관절) 굴곡"
"기능해부학",29,"PART 2 · 이관절 근육","상완이두근(장두)이 관여하는 동작 3가지는?","견관절(어깨관절) 굴곡 + 주관절(팔꿈치관절) 굴곡 + 전완 회외","견관절(어깨관절) 굴곡 / 주관절(팔꿈치관절) 굴곡 / 회외","견관절(어깨관절) 신전 / 주관절(팔꿈치관절) 신전 / 회내"
"기능해부학",30,"PART 2 · 주요 기능","복횡근의 주요 기능은?","복압 형성 + 척추 안정화 / 복부 가장 깊은 심부 근육","복압 / 척추 안정화 / 심부","체간 굴곡 / 체간 회전 / 표층"
"기능해부학",31,"PART 2 · 주요 기능","회전근개의 주요 기능은?","견관절(어깨관절) 안정화 + 상완골두를 관절와에 고정","견관절(어깨관절) 안정화 / 관절와","견관절(어깨관절) 외전 / 견봉 / 견갑골 후인"
"기능해부학",32,"PART 2 · 주요 기능","장요근의 주요 기능은?","고관절(엉덩관절) 굴곡 + 요추 안정화","고관절(엉덩관절) 굴곡 / 요추 안정화","고관절(엉덩관절) 신전 / 요추 굴곡 / 고관절(엉덩관절) 외전"
"기능해부학",33,"PART 3 · 견갑골","견갑골 거상(올림)의 주동근은?","상부 승모근 / 견갑거근","상부 승모근 / 견갑거근","하부 승모근 / 전거근 / 능형근"
"기능해부학",34,"PART 3 · 견갑골","견갑골 하강(내림)의 주동근은?","하부 승모근 / 소흉근","하부 승모근 / 소흉근","상부 승모근 / 견갑거근 / 능형근"
"기능해부학",35,"PART 3 · 견갑골","견갑골 전인(앞으로 내밈)의 주동근은?","전거근 / 소흉근","전거근 / 소흉근","중부 승모근 / 능형근 / 후면삼각근"
"기능해부학",36,"PART 3 · 견갑골","견갑골 후인(뒤로 당김)의 주동근은?","중부 승모근 / 능형근","중부 승모근 / 능형근","전거근 / 소흉근 / 상부 승모근"
"기능해부학",37,"PART 3 · 견갑골","견갑골 상방회전의 주동근은?","상부 승모근 / 하부 승모근 / 전거근","상부 승모근 / 하부 승모근 / 전거근","중부 승모근 / 능형근 / 소흉근"
"기능해부학",38,"PART 3 · 견관절(어깨관절)","견관절(어깨관절) 굴곡의 주동근은?","전면삼각근 / 대흉근(쇄골부) / 상완이두근","전면삼각근 / 대흉근(쇄골부) / 상완이두근","후면삼각근 / 광배근 / 대흉근(흉골부)"
"기능해부학",39,"PART 3 · 견관절(어깨관절)","견관절(어깨관절) 신전의 주동근은?","광배근 / 대원근 / 후면삼각근","광배근 / 대원근 / 후면삼각근","전면삼각근 / 소원근 / 대흉근(쇄골부)"
"기능해부학",40,"PART 3 · 견관절(어깨관절)","견관절(어깨관절) 외전의 주동근은?","측면삼각근 / 극상근","측면삼각근 / 극상근","전면삼각근 / 대흉근 / 광배근"
"기능해부학",41,"PART 3 · 견관절(어깨관절)","견관절(어깨관절) 내회전의 주동근은?","견갑하근 / 대흉근 / 광배근 / 대원근","견갑하근 / 대흉근 / 광배근 / 대원근","극하근 / 소원근 / 후면삼각근"
"기능해부학",42,"PART 3 · 견관절(어깨관절)","견관절(어깨관절) 외회전의 주동근은?","극하근 / 소원근 / 후면삼각근","극하근 / 소원근 / 후면삼각근","견갑하근 / 광배근 / 대원근"
"기능해부학",43,"PART 3 · 견관절(어깨관절)","견관절(어깨관절) 수평벌림의 주동근은?","후면삼각근 / 극하근 / 소원근","후면삼각근 / 극하근 / 소원근","전면삼각근 / 대흉근 / 극상근"
"기능해부학",44,"PART 3 · 견관절(어깨관절)","견관절(어깨관절) 수평내전의 주동근은?","대흉근 / 전면삼각근","대흉근 / 전면삼각근","후면삼각근 / 극하근 / 광배근"
"기능해부학",45,"PART 3 · 주관절(팔꿈치관절)","팔꿈치 굴곡의 주동근 3가지는?","상완이두근 / 상완근 / 상완요골근","상완이두근 / 상완근 / 상완요골근","상완삼두근 / 원회내근 / 주근"
"기능해부학",46,"PART 3 · 주관절(팔꿈치관절)","팔꿈치 신전의 주동근은?","상완삼두근","상완삼두근","상완이두근 / 상완근 / 상완요골근"
"기능해부학",47,"PART 3 · 고관절(엉덩관절)","고관절(엉덩관절) 굴곡의 주동근은?","장요근 / 대퇴직근 / 봉공근","장요근 / 대퇴직근 / 봉공근","대둔근 / 반건양근 / 대퇴이두근"
"기능해부학",48,"PART 3 · 고관절(엉덩관절)","고관절(엉덩관절) 신전의 주동근은?","대둔근 / 햄스트링","대둔근 / 햄스트링","장요근 / 대퇴직근 / 중둔근"
"기능해부학",49,"PART 3 · 고관절(엉덩관절)","고관절(엉덩관절) 외전의 주동근은?","중둔근 / 소둔근","중둔근 / 소둔근","대내전근 / 장내전근 / 대둔근"
"기능해부학",50,"PART 3 · 고관절(엉덩관절)","고관절(엉덩관절) 내전의 주동근은?","대내전근 / 장내전근 / 단내전근 / 박근","대내전근 / 장내전근 / 단내전근 / 박근","중둔근 / 소둔근 / 봉공근 / 대둔근"
"기능해부학",51,"PART 3 · 고관절(엉덩관절)","고관절(엉덩관절) 외회전 심층근 6가지는?","이상근 / 내폐쇄근 / 외폐쇄근 / 상쌍자근 / 하쌍자근 / 대퇴방형근","이상근 / 내폐쇄근 / 외폐쇄근 / 상쌍자근 / 하쌍자근 / 대퇴방형근","중둔근 / 소둔근 / 대둔근 / 장요근"
"기능해부학",52,"PART 3 · 슬관절(무릎관절)","무릎 굴곡의 주동근은?","햄스트링 / 비복근","햄스트링 / 비복근","대퇴사두근 / 전경골근 / 봉공근"
"기능해부학",53,"PART 3 · 슬관절(무릎관절)","무릎 신전의 주동근은?","대퇴사두근","대퇴사두근","햄스트링 / 비복근 / 봉공근"
"기능해부학",54,"PART 3 · 족관절(발목관절)","발목 배측굴곡의 주동근은?","전경골근 / 장지신근 / 장무지신근","전경골근 / 장지신근 / 장무지신근","비복근 / 가자미근 / 장비골근"
"기능해부학",55,"PART 3 · 족관절(발목관절)","발목 족저굴곡의 주동근은?","비복근 / 가자미근","비복근 / 가자미근","전경골근 / 장무지신근 / 장비골근"
"기능해부학",56,"PART 4 · 발달 운동","대흉근 쇄골부(윗가슴) 발달 운동은?","인클라인 벤치프레스 / 인클라인 덤벨프레스 / 인클라인 체스트플라이","인클라인 벤치프레스 / 인클라인 덤벨프레스 / 인클라인 체스트플라이","플랫 벤치프레스 / 디클라인 벤치프레스 / 체스트플라이"
"기능해부학",57,"PART 4 · 발달 운동","대흉근 흉골부(가슴) 발달 운동은?","플랫 벤치프레스 / 푸시업 / 체스트플라이","플랫 벤치프레스 / 푸시업 / 체스트플라이","인클라인 벤치프레스 / 딥스 / 케이블 크로스오버"
"기능해부학",58,"PART 4 · 발달 운동","광배근 발달 운동은?","풀업 / 랫풀다운 / 시티드 케이블 로우 / 벤트오버 바벨 로우","풀업 / 랫풀다운 / 시티드 케이블 로우 / 벤트오버 바벨 로우","숄더프레스 / 리버스 플라이 / 업라이트 로우"
"기능해부학",59,"PART 4 · 발달 운동","삼각근 발달 운동은?","숄더프레스 / 사이드 레터럴 레이즈 / 프론트 레이즈 / 리어 델트 플라이","숄더프레스 / 사이드 레터럴 레이즈 / 프론트 레이즈 / 리어 델트 플라이","업라이트 로우 / 인클라인 벤치프레스 / 페이스풀"
"기능해부학",60,"PART 4 · 발달 운동","상완이두근 발달 운동은?","바벨컬 / 덤벨컬 / 해머컬","바벨컬 / 덤벨컬 / 해머컬","트라이셉스 푸시다운 / 트라이셉스 킥백 / 딥스"
"기능해부학",61,"PART 4 · 발달 운동","상완삼두근 발달 운동은?","트라이셉스 푸시다운 / 오버헤드 트라이셉스 익스텐션 / 딥스","트라이셉스 푸시다운 / 오버헤드 트라이셉스 익스텐션 / 딥스","바벨컬 / 해머컬 / 바벨로우"
"기능해부학",62,"PART 4 · 발달 운동","척추기립근 발달 운동은?","백 익스텐션 / 루마니안 데드리프트 / 굿모닝","백 익스텐션 / 루마니안 데드리프트 / 굿모닝","스티프 데드리프트 / 힙 쓰러스트 / 케이블 풀스루"
"기능해부학",63,"PART 4 · 발달 운동","대퇴사두근 발달 운동은?","스쿼트 / 레그프레스 / 레그익스텐션 / 런지","스쿼트 / 레그프레스 / 레그익스텐션 / 런지","레그컬 / 루마니안 데드리프트 / 힙 쓰러스트"
"기능해부학",64,"PART 4 · 발달 운동","햄스트링 발달 운동은?","레그컬 / 루마니안 데드리프트 / 스티프 데드리프트","레그컬 / 루마니안 데드리프트 / 스티프 데드리프트","레그익스텐션 / 스쿼트 / 레그프레스"
"기능해부학",65,"PART 4 · 발달 운동","비복근 vs 가자미근 발달 운동의 차이는?","비복근 → 스탠딩 카프레이즈 / 가자미근 → 씨티드 카프레이즈","스탠딩 카프레이즈 / 씨티드 카프레이즈","토 프레스 / 도나키 카프레이즈 / 레그프레스 카프레이즈"
"운동생리학",1,"PART 1 · 에너지 시스템","ATP란 무엇인가?","인체가 직접 사용하는 에너지 화학물질. 인산기 분리 시 에너지 방출 → 근육 수축","아데노신 삼인산 / ADP / 근육 수축","젖산 / 크레아틴 인산 / 글리코겐"
"운동생리학",2,"PART 1 · 에너지 시스템","에너지 대사 시스템(ATP 생성 체계) 3가지는?","ATP-PCr 시스템 / 젖산 시스템(무산소성 해당과정) / 유산소 시스템","ATP-PCr 시스템 / 젖산 시스템 / 유산소 시스템","해당과정 / TCA회로 / 전자전달계"
"운동생리학",3,"PART 1 · 에너지 시스템","ATP-PCr 시스템(인원질 시스템)이란?","산소 없이 크레아틴 인산(PCr)으로 ATP 재합성. 약 2~20초 단시간 고강도 운동에 사용","산소 없이 / 크레아틴 인산(PCr) / 2~20초","산소 이용 / 젖산 / 3분 이상"
"운동생리학",4,"PART 1 · 에너지 시스템","해당과정이란?","포도당 분해 → 피루브산 + ATP 2개 생성. 산소 부족 시 피루브산→젖산 전환, 20초~3분 고강도 운동에 사용","포도당 / 피루브산 / ATP 2개","지방산 / 아세틸CoA / ATP 36개"
"운동생리학",5,"PART 1 · 에너지 시스템","유산소 시스템이란?","산소로 포도당·지방 분해. TCA회로와 전자전달계로 대량 ATP 생성. 3분 이상 저~중강도 운동에 사용","TCA회로(크렙스 회로) / 전자전달계 / 3분 이상","해당과정 / PCr / 2~20초"
"운동생리학",6,"PART 1 · 에너지 시스템","무산소성 역치(젖산 역치)란?","운동 강도 증가 시 젖산 생성 속도 > 제거 속도가 되어 급격히 축적되는 시점. 이후 유산소→무산소 전환","젖산 생성 속도 / 제거 속도 / 급격히 축적","산소 소비량 / 심박수 / 혈당"
"운동생리학",7,"PART 1 · 에너지 시스템","EPOC(초과산소섭취량)란?","운동 종료 후 평소보다 산소를 더 많이 소비하는 현상. 에너지·신체 회복을 위해 발생. 운동 후에도 칼로리 소모 지속","운동 종료 후 / 산소를 더 많이 소비 / 칼로리 소모","운동 중 / 산소 부족 / 근육 수축"
"운동생리학",8,"PART 1 · 에너지 시스템","웨이트 트레이닝 시 에너지 사용 순서는?","탄수화물 → 지방 → 단백질 순서","탄수화물 / 지방 / 단백질","지방 / 단백질 / 탄수화물"
"운동생리학",9,"PART 1 · 에너지 시스템","포도당 신생합성이란?","탄수화물이 아닌 물질에서 새 포도당을 생성하는 과정. 간·신장에서 젖산·아미노산·글리세롤을 재료로 사용","탄수화물이 아닌 물질 / 간과 신장 / 젖산·아미노산·글리세롤","포도당 분해 / 근육 / 지방산"
"운동생리학",10,"PART 1 · 에너지 시스템","산소 부채란?","고강도 운동 중 산소 공급이 수요를 못 따라가 발생한 부족분. EPOC와 관련","산소 공급 / 수요 / EPOC","젖산 축적 / ATP 고갈 / 체온 상승"
"운동생리학",11,"PART 2 · 근육","근활주설(근수축 기전)이란?","액틴과 미오신이 서로 끌어당겨 근절 단축. 신경 신호→칼슘 방출→트로포닌 활성화→미오신이 액틴 당김","액틴 / 미오신 / 칼슘","트로포미오신 / ATP / 근절"
"운동생리학",12,"PART 2 · 근육","근육 수축 종류 3가지는?","등장성(길이 변화 있음) / 등척성(길이 변화 없음) / 등속성(일정 속도로 수축)","등장성 수축 / 등척성 수축 / 등속성 수축","단축성 수축 / 신장성 수축 / 탄성 수축"
"운동생리학",13,"PART 2 · 근육","단축성 수축과 신장성 수축의 차이는?","단축성 = 근육 짧아지면서 힘을 냄 / 신장성 = 근육 길어지면서 힘을 냄. 신장성 수축 시 DOMS 잘 발생","짧아지면서 / 길어지면서 / DOMS","고정된 채 / 일정 속도로 / 지연성 근육통 없음"
"운동생리학",14,"PART 2 · 근육","지근섬유와 속근섬유의 차이는?","지근(적근) = 느린 수축, 지구력. 속근(백근) = 빠른 수축, 순발력. 핵심 차이: 산소 의존성과 수축 속도","지근섬유(적근) / 속근섬유(백근) / 산소 의존성","빠른 수축 / 느린 수축 / 무산소성"
"운동생리학",15,"PART 2 · 근육","근방추의 기능은?","근육 내 고유수용기. 과도한 신장 감지 시 신장 반사 유발 → 근육 단축 유도","고유수용기 / 과도하게 늘어나면 / 신장 반사","과도하게 수축하면 / 장력 감지 / 이완"
"운동생리학",16,"PART 2 · 근육","골지건기관의 기능은?","근육-건 사이의 고유수용기. 과도한 수축 장력 감지 시 근육 이완 → 손상 방지","근육과 힘줄(건) 사이 / 과도하게 수축 / 근육 이완","근육 내부 / 과도하게 신장 / 근육 단축"
"운동생리학",17,"PART 2 · 근육","지연성 근육통(DOMS)이란?","운동 후 24~72시간 후 발생하는 근육통. 신장성 수축으로 근섬유 미세 손상 → 복구 과정에서 염증·통증 발생","24~72시간 / 신장성 수축 / 미세 손상","즉시 발생 / 단축성 수축 / 혈액순환"
"운동생리학",18,"PART 2 · 근육","위성세포란?","근섬유 재생·성장 조절 줄기세포. 평소 비활성 → 운동으로 손상 시 활성화 → 근섬유 복구 + 근비대 기여","근섬유 재생 / 줄기세포 / 근비대","신경세포 / 지방세포 / 혈액세포"
"운동생리학",19,"PART 2 · 근육","동화작용(아나볼릭)과 이화작용(카타볼릭)의 차이는?","동화(아나볼릭) = 단백질 합성, 근육 성장 / 이화(카타볼릭) = 근육·조직 분해","동화작용(아나볼릭) / 이화작용(카타볼릭) / 근육 성장","산소 소비 / 에너지 방출 / 지방 합성"
"운동생리학",20,"PART 2 · 근육","근력을 결정짓는 요소 3가지는?","근육의 단면적 크기 / 동원되는 근섬유의 수 / 근섬유의 유형","근육의 단면적 / 동원되는 근섬유의 수 / 근섬유의 유형","체중 / 유연성 / 심박수"
"운동생리학",21,"PART 2 · 근육","근단백질 수축의 3요소는?","액틴 / 미오신 / 트로포닌","액틴 / 미오신 / 트로포닌","칼슘 / ATP / 근절"
"운동생리학",22,"PART 2 · 근육","근파워(순발력)란?","짧고 한정된 시간에 많은 양의 일을 할 수 있는 능력. 공식: 근파워 = 힘 × 속도","짧은 시간 / 많은 양의 일 / 힘 × 속도","긴 시간 / 적은 일 / 힘 ÷ 속도"
"운동생리학",23,"PART 2 · 근육","근지구력이란?","일정한 근육 활동을 강도 변화 없이 오래 지속하는 능력. 정적·동적 근지구력으로 구분","일정한 근육 활동 / 강도 변화 없이 / 정적·동적 근지구력","최대 근력 / 순간적인 힘 / 심폐지구력"
"운동생리학",24,"PART 3 · 심폐","심박출량 공식은?","심박출량 = 1회 박출량 × 분당 심박수 (1분 동안 박출하는 혈액의 양)","1회 박출량 / 분당 심박수 / 심박출량","산소 섭취량 / 혈압 / 호흡량"
"운동생리학",25,"PART 3 · 심폐","폐순환과 체순환의 경로는?","폐순환: 우심실→폐동맥→폐→폐정맥→좌심방 (가스교환) / 체순환: 좌심실→대동맥→전신→대정맥→우심방","우심실→폐→좌심방 / 좌심실→전신→우심방 / 이산화탄소·산소 교환","좌심실→폐 / 우심실→전신 / 혈당 조절"
"운동생리학",26,"PART 3 · 심폐","스포츠 심장이란?","장기 고강도 운동으로 심장 근육 비대·용적 증가. 안정 시 심박수가 낮아도 충분한 혈액 공급 가능","심장 근육 비대 / 용적 증가 / 안정 시 심박수 낮음","심박수 증가 / 혈압 상승 / 산소 감소"
"운동생리학",27,"PART 3 · 심폐","심장자극전도계의 구성 순서는?","동방결절(전기 신호) → 방실결절 → 히스속(방실다발) → 푸르키네 섬유 → 심실 수축","동방결절 / 방실결절 / 히스속→푸르키네 섬유","푸르키네→동방결절 / 방실결절→동방결절 / 히스속→방실결절"
"운동생리학",28,"PART 3 · 심폐","초과회복이란?","고강도 운동 후 충분한 휴식·영양으로 운동 전보다 체력과 수행 능력이 더 높아지는 현상","고강도 운동 후 / 충분한 휴식·영양 / 운동 전보다 높은 수준","운동 중 / 영양 없이 / 운동 전과 동일한 수준"
"운동생리학",29,"PART 3 · 심폐","호흡에 관여하는 근육은?","흡기근: 횡격막·외늑간근·사각근 / 호기근: 복횡근·내늑간근·외복사근","횡격막·외늑간근(흡기) / 복횡근·내늑간근(호기) / 사각근","대흉근 / 승모근 / 광배근"
"운동생리학",30,"PART 3 · 심폐","맥박 촉진법이란?","검지·중지로 동맥 압박. 15초 동안 맥박 수 측정 × 4 = 분당 심박수","검지와 중지 / 15초 / ×4","엄지 / 30초 / ×2"
"운동생리학",31,"PART 4 · 호르몬","인슐린과 글루카곤을 비교 설명하시오.","인슐린(베타세포) = 혈당 강하 / 글루카곤(알파세포) = 간의 글리코겐→포도당 분해, 혈당 상승","인슐린(혈당 강하) / 글루카곤(혈당 상승) / 베타세포·알파세포","에피네프린 / 테스토스테론 / 렙틴"
"운동생리학",32,"PART 4 · 호르몬","테스토스테론이란?","고환(남성)·난소(여성) 분비 스테로이드 호르몬. 단백질 동화 작용으로 근육 발달·골밀도 증가. 도핑 금지","고환·난소 / 단백질 동화 작용 / 도핑 금지","부신 / 지방 분해 / 도핑 허용"
"운동생리학",33,"PART 4 · 호르몬","렙틴과 그렐린의 차이는?","렙틴(지방세포 분비) = 포만감, 식욕 억제 / 그렐린(위 분비) = 공복감, 식욕 자극","렙틴(포만) / 그렐린(공복) / 지방세포·위","인슐린 / 글루카곤 / 에피네프린"
"운동생리학",34,"PART 4 · 호르몬","에피네프린(아드레날린)이란?","부신수질 분비. 교감신경 자극 → 심박수 증가, 혈압 상승, 호흡량 증가, 에너지 폭발적 공급","부신수질 / 심박수 증가·혈압 상승 / 교감신경","췌장 / 심박수 감소 / 부교감신경"
"운동생리학",35,"PART 4 · 호르몬","에스트로겐이란?","난소·태반 분비 여성 호르몬. 성장·생식 주기에 관여. 근육량 감소·지방 축적 증가에 관여","난소와 태반 / 여성 호르몬 / 근육량 감소·지방 축적","부신 / 남성 호르몬 / 근육량 증가"
"운동생리학",36,"PART 4 · 호르몬","DHEA란?","부신에서 생성되는 스테로이드 호르몬. 콜레스테롤로부터 합성. 여성 과다 사용 시 남성화. 도핑 금지","부신 / 스테로이드 호르몬 / 도핑 금지","췌장 / 단백질 호르몬 / 도핑 허용"
"운동생리학",37,"PART 4 · 호르몬","부정적 사고 vs 긍정적 사고 시 분비 호르몬은?","부정적 사고 → 아드레날린(에피네프린) 분비 / 긍정적 사고 → 엔도르핀 분비","아드레날린(에피네프린) / 엔도르핀 / 부정적·긍정적","인슐린 / 글루카곤 / 테스토스테론"
"운동생리학",38,"PART 5 · 신경·체형·측정","교감신경과 부교감신경의 차이는?","교감신경(긴장·활성) = 심박수↑, 혈압↑, 소화 억제 / 부교감신경(휴식·회복) = 심박수↓, 소화 촉진","교감신경(흥분·활성) / 부교감신경(휴식·회복) / 심박수 증가·감소","운동신경 / 감각신경 / 척수"
"운동생리학",39,"PART 5 · 신경·체형·측정","신경근 접합부의 주요 신경전달물질은?","아세틸콜린. 운동신경 말단에서 분비, 근섬유 수용체 결합 → 근수축 시작","아세틸콜린 / 운동신경 말단 / 근섬유 수축","도파민 / 세로토닌 / 에피네프린"
"운동생리학",40,"PART 5 · 신경·체형·측정","인체 3대 체형은?","외배엽(마르고 살 안 찜) / 중배엽(근육 발달, 탄탄) / 내배엽(지방 많고 살 잘 찜)","외배엽(마름) / 중배엽(근육질) / 내배엽(지방형)","상배엽 / 하배엽 / 측배엽"
"운동생리학",41,"PART 5 · 신경·체형·측정","BMI 공식과 의미는?","신장과 체중 비율로 비만도를 평가. 공식: 체중(kg) ÷ 신장(m)²","체중(kg) / 신장(m)² / 비만도","체지방량 / 근육량 / 심박수"
"운동생리학",42,"PART 5 · 신경·체형·측정","비만 기준 체지방률은? (남/여)","남성 체지방률 20% 이상, 여성 30% 이상일 때 비만으로 분류","남성 20% 이상 / 여성 30% 이상 / 체지방률","남성 30% / 여성 20% / 남성 15%"
"운동생리학",43,"PART 5 · 신경·체형·측정","기초대사량(BMR)이란?","체온·심박·호흡 등 생명 유지에 필요한 최소 에너지. 높을수록 안정 시 칼로리 많이 소모","생명 유지 / 최소한의 에너지 / 체온·심박·호흡","운동 에너지 / 소화 에너지 / 활동 에너지"
"운동생리학",44,"PART 5 · 신경·체형·측정","일일 에너지 소비 형태 4가지는?","기초대사량(생명 유지) / 활동대사량(신체 활동) / 식이대사량(소화·흡수) / 적응대사량(환경 변화 적응)","기초대사량 / 활동대사량 / 식이대사량","심박출량 / 최대산소섭취량 / 호흡교환율"
"운동생리학",45,"PART 5 · 신경·체형·측정","최대심박수(MHR)와 목표심박수(THR) 공식은?","최대심박수 = 220 - 나이 / 목표심박수(카보넨) = (최대심박수 - 안정시 심박수) × 운동강도 + 안정시 심박수","220 - 나이 / (MHR - 안정시 심박수) × 강도 + 안정시 심박수 / 카보넨 공식","180 - 나이 / MHR × 강도 / 쿠퍼 공식"
"운동생리학",46,"PART 5 · 신경·체형·측정","최대산소섭취량(VO2max)이란?","단위 시간당 최대로 섭취 가능한 산소의 양. 심폐지구력 대표 지표. 높을수록 유산소 능력 우수","단위 시간당 최대 산소 섭취량 / 심폐지구력 / 수치 높을수록","이산화탄소 배출량 / 근력 / 유연성"
"운동생리학",47,"PART 5 · 신경·체형·측정","호흡교환율(RER)이란?","CO₂ 배출량 / O₂ 섭취량. 에너지원 추정 지표. RER 1 이상이면 고강도 무산소 운동 상태","CO₂ 배출량 / O₂ 섭취량 / RER 1 이상","심박수 / 혈압 / 체온"
"운동생리학",48,"PART 5 · 신경·체형·측정","운동자각도(RPE)란?","개인이 느끼는 주관적 운동 강도 척도. 보그 6~20 척도. 수치 × 10 ≈ 목표 심박수","주관적 운동 강도 / 6~20 척도 / × 10 = 목표 심박수","객관적 측정 / 1~100 척도 / ÷ 10"
"운동생리학",49,"PART 5 · 신경·체형·측정","생체전기저항 분석법(인바디)이란?","팔·다리에 약한 전류를 흘려 체성분 측정. 지방=저항 큼, 근육·수분=저항 적음. 공복·운동 전에 측정","약한 전류 / 지방·근육·수분 측정 / 공복·운동 전","초음파 / X선 / MRI"
"운동생리학",50,"PART 5 · 신경·체형·측정","항상성이란?","외부 환경 변화에도 체온·혈당·혈압 등 내부 환경을 일정하게 유지하는 기능","외부 환경 변화 / 인체 내부 환경 일정 / 체온·혈당·혈압","외부 환경 변화에 반응 안 함 / 내부 환경 변동 / 산소 소비"
"운동생리학",51,"PART 5 · 신경·체형·측정","건강체력 구성 요소 5가지는?","근력 / 근지구력 / 심폐지구력 / 유연성 / 신체조성","근력 / 근지구력 / 심폐지구력","순발력 / 민첩성 / 평형성"
"운동생리학",52,"PART 5 · 신경·체형·측정","고원현상(슬럼프)이란?","지속적으로 향상되던 트레이닝 효과가 피로·권태·흥미 상실로 일시적으로 정체되는 현상","트레이닝 효과 정체 / 피로·권태·흥미 상실 / 일시적","영구적 정체 / 근력 상승 / 체중 증가"
"운동생리학",53,"PART 5 · 신경·체형·측정","정상 혈당 수치는?","공복 혈당 정상: 70~100mg/dL / 식후 2시간 혈당 정상: 90~140mg/dL","공복 70~100mg/dL / 식후 2시간 90~140mg/dL / 혈당","공복 140mg/dL / 식후 200mg/dL / 공복 50mg/dL"
"트레이닝방법론",1,"PART 1 · 트레이닝 원리","트레이닝의 5대 원리는?","과부하 원리 / 점진성 원리 / 특이성 원리 / 가역성 원리 / 개별성 원리","과부하 원리 / 점진성 원리 / 특이성 원리 / 가역성 원리 / 개별성 원리","반복성 원리 / 다양성 원리 / 균형성 원리"
"트레이닝방법론",2,"PART 1 · 트레이닝 원리","과부하 원리란?","신체가 평소보다 높은 자극을 받아야 적응이 일어나고 체력이 향상됨","평소보다 높은 자극 / 적응 / 향상","안전한 자극 / 낮은 강도 / 유지"
"트레이닝방법론",3,"PART 1 · 트레이닝 원리","점진성 원리란?","트레이닝의 강도와 훈련량을 서서히 증가시켜야 함","강도 / 훈련량 / 서서히 증가","갑자기 증가 / 유지 / 감소"
"트레이닝방법론",4,"PART 1 · 트레이닝 원리","특이성 원리란?","특정 훈련 방식으로 운동하면 그에 맞는 특정 체력 요소만 향상됨","훈련 방식 / 체력 요소 / 향상","모든 방식 / 전신 / 저하"
"트레이닝방법론",5,"PART 1 · 트레이닝 원리","가역성 원리란?","훈련 중단 시 적응된 체력이 다시 감소함","훈련 중단 / 체력 / 감소","훈련 지속 / 체력 / 증가"
"트레이닝방법론",6,"PART 1 · 트레이닝 원리","개별성 원리란?","사람마다 개인차가 있으므로 체력 수준에 맞춘 개인화된 프로그램이 필요함","개인차 / 체력 수준 / 프로그램","동일한 처방 / 집단 / 표준화"
"트레이닝방법론",7,"PART 2 · 트레이닝 변인","트레이닝 4대 변인(FITT)은?","빈도(Frequency) / 강도(Intensity) / 시간(Time) / 유형(Type)","빈도(Frequency) / 강도(Intensity) / 시간(Time) / 유형(Type)","목표(Goal) / 회복(Recovery) / 영양(Nutrition)"
"트레이닝방법론",8,"PART 2 · 트레이닝 변인","운동 강도를 나타내는 지표 3가지는?","1RM 비율 / 최대심박수(%HRmax) / RPE(자각도)","1RM 비율 / 최대심박수(%HRmax) / RPE(자각도)","체중 / VO2max / 운동 시간"
"트레이닝방법론",9,"PART 2 · 트레이닝 변인","1RM이란?","한 동작을 정확한 자세로 1회만 들 수 있는 최대 무게","1회 / 최대 무게","10회 / 최소 무게"
"트레이닝방법론",10,"PART 2 · 트레이닝 변인","세트(Set)와 반복(Rep)의 차이는?","반복(Rep) = 동작 1회 / 세트(Set) = 반복의 묶음","반복(Rep) / 세트(Set) / 묶음","1회 최대 / 무게 / 휴식"
"트레이닝방법론",11,"PART 2 · 트레이닝 변인","근비대 목적의 권장 반복 범위는?","6~12회 / 1RM의 67~85%","6~12회 / 1RM의 67~85%","1~5회 / 15회 이상 / 1RM의 50% 이하"
"트레이닝방법론",12,"PART 2 · 트레이닝 변인","근력 향상 목적의 권장 반복 범위는?","1~5회 / 1RM의 85% 이상","1~5회 / 1RM의 85% 이상","6~12회 / 15회 이상 / 1RM의 50% 이하"
"트레이닝방법론",13,"PART 2 · 트레이닝 변인","근지구력 향상 목적의 권장 반복 범위는?","15회 이상 / 1RM의 67% 이하","15회 이상 / 1RM의 67% 이하","1~5회 / 6~12회 / 1RM의 85% 이상"
"트레이닝방법론",14,"PART 2 · 트레이닝 변인","세트 간 휴식시간: 근력 vs 근비대 vs 근지구력은?","3~5분(근력) / 60~90초(근비대) / 30초 이하(근지구력)","3~5분(근력) / 60~90초(근비대) / 30초 이하(근지구력)","1분(근력) / 5분(근비대) / 2~3분(근지구력)"
"트레이닝방법론",15,"PART 3 · 저항 트레이닝","피라미드 세트법이란?","세트마다 무게 증가 → 반복수 감소 (예: 12→10→8→6회)","무게 증가 / 반복수 감소","무게 감소 / 반복수 증가"
"트레이닝방법론",16,"PART 3 · 저항 트레이닝","역피라미드(디센딩) 세트법이란?","세트마다 무게 감소 → 반복수 증가 (예: 6→8→10→12회)","무게 감소 / 반복수 증가","무게 증가 / 반복수 감소"
"트레이닝방법론",17,"PART 3 · 저항 트레이닝","슈퍼세트(Superset)란?","두 운동을 휴식 없이 연속으로 실시 (길항근 또는 주동근 조합)","두 운동 / 휴식 없이 / 연속","한 운동 / 긴 휴식 / 분리"
"트레이닝방법론",18,"PART 3 · 저항 트레이닝","드롭 세트(Drop Set)란?","한 세트 완료 직후 무게 즉시 감소 후 추가 반복 실시","한 세트 완료 / 무게 즉시 감소 / 추가 반복","세트 전 준비 / 무게 증가 / 휴식 후 재개"
"트레이닝방법론",19,"PART 3 · 저항 트레이닝","컴파운드 세트란?","같은 근육을 자극하는 두 가지 운동을 연속으로 실시","같은 근육 / 두 가지 운동 / 연속","다른 근육 / 한 가지 운동 / 휴식"
"트레이닝방법론",20,"PART 3 · 저항 트레이닝","트라이세트(Tri-set)란?","같은 근육을 자극하는 세 가지 운동을 연속으로 실시","같은 근육 / 세 가지 운동 / 연속","다른 근육 / 두 가지 운동 / 휴식"
"트레이닝방법론",21,"PART 3 · 저항 트레이닝","자이언트 세트(Giant Set)란?","같은 근육을 자극하는 4가지 이상 운동을 연속으로 실시","같은 근육 / 4가지 이상 / 연속","다른 근육 / 2가지 / 긴 휴식"
"트레이닝방법론",22,"PART 3 · 저항 트레이닝","치팅(Cheating)이란?","반동이나 보조 근육을 이용해 한계 이상의 자극을 주는 기법","반동 / 보조 근육 / 한계 이상","완벽한 자세 / 주동근만 / 제한된 범위"
"트레이닝방법론",23,"PART 3 · 저항 트레이닝","강제 반복(Forced Rep)이란?","보조자의 도움으로 한계 이후에도 추가 반복 실시","보조자 / 한계 이후 / 추가 반복","혼자 / 한계 전 / 감소"
"트레이닝방법론",24,"PART 3 · 저항 트레이닝","피크 컨트랙션(Peak Contraction)이란?","운동 동작의 최대 수축 지점에서 1~2초 유지하여 근육 자극 극대화","최대 수축 / 1~2초 유지 / 근육 자극","최소 수축 / 즉시 이완 / 관절 자극"
"트레이닝방법론",25,"PART 3 · 저항 트레이닝","번스(Burns)란?","세트 마지막에 가동 범위 절반의 짧은 동작을 반복해 펌핑 극대화","가동 범위 절반 / 짧은 동작 / 펌핑","전체 가동 범위 / 긴 동작 / 근력"
"트레이닝방법론",26,"PART 4 · 수준별 트레이닝","초보자 트레이닝의 4대 원리는?","점진적 과부하 / 전신 운동 / 복합 관절 운동 / 충분한 휴식","점진적 과부하 / 전신 운동 / 복합 관절 운동 / 충분한 휴식","분할 훈련 / 고강도 / 단관절 운동"
"트레이닝방법론",27,"PART 4 · 수준별 트레이닝","중급자 트레이닝의 5대 원리는?","슈퍼세트 / 피라미드 / 컴파운드 세트 / 분할 훈련 / 플러싱","슈퍼세트 / 피라미드 / 컴파운드 세트 / 분할 훈련 / 플러싱","치팅 / 번스 / 강제 반복"
"트레이닝방법론",28,"PART 4 · 수준별 트레이닝","상급자 트레이닝의 5대 원리는?","치팅 / 트라이 세트 / 자이언트 세트 / 피크 컨트랙션 / 퀄리티 원리","치팅 / 트라이 세트 / 자이언트 세트 / 피크 컨트랙션 / 퀄리티 원리","피라미드 / 슈퍼세트 / 점진적 과부하"
"트레이닝방법론",29,"PART 4 · 수준별 트레이닝","분할 훈련(Split Training)이란?","훈련할 신체 부위를 나누어 요일별로 다르게 운동하는 방법","신체 부위 / 나누어 / 요일별","전신 / 합쳐서 / 매일 같은"
"트레이닝방법론",30,"PART 4 · 수준별 트레이닝","플러싱(Flushing)이란?","한 근육을 여러 운동으로 집중 자극하여 혈류 증가시키는 기법","한 근육 / 집중 자극 / 혈류 증가","전신 운동 / 분산 자극 / 혈류 감소"
"트레이닝방법론",31,"PART 4 · 수준별 트레이닝","퀄리티 원리란?","세트 수 유지하면서 휴식 시간 단축하여 강도 유지 훈련의 질 향상","세트 수 유지 / 휴식 시간 단축 / 강도 유지","세트 수 감소 / 휴식 시간 증가 / 강도 저하"
"트레이닝방법론",32,"PART 5 · 유산소 트레이닝","최대심박수(HRmax) 공식은?","HRmax = 220 - 나이","220 / 나이","200 / 체중"
"트레이닝방법론",33,"PART 5 · 유산소 트레이닝","카보넨(Karvonen) 공식이란?","목표심박수 = (HRmax - 안정시 심박수) × 강도% + 안정시 심박수","목표심박수 / 안정시 심박수 / 여유심박수","최대심박수 / 최소심박수 / 운동 후 심박수"
"트레이닝방법론",34,"PART 5 · 유산소 트레이닝","HIIT(고강도 인터벌 트레이닝)의 특징은?","고강도 운동과 짧은 휴식을 교대로 반복하는 트레이닝","고강도 운동 / 짧은 휴식 / 반복","저강도 운동 / 긴 휴식 / 단발성"
"트레이닝방법론",35,"PART 5 · 유산소 트레이닝","LISS(저강도 지속 유산소)의 특징은?","낮은 강도로 긴 시간 동안 일정한 페이스를 유지하는 유산소 운동","낮은 강도 / 긴 시간 / 일정한 페이스","높은 강도 / 짧은 시간 / 변동적 페이스"
"트레이닝방법론",36,"PART 5 · 유산소 트레이닝","유산소 운동의 권장 강도 범위는?","최대심박수의 60~80% 수준의 중강도","최대심박수의 60~80% / 중강도","최대심박수의 90% 이상 / 최대심박수의 40% 이하"
"트레이닝방법론",37,"PART 5 · 유산소 트레이닝","지방 연소 최적 강도는?","최대심박수의 60~70% → 지방 산화율 최대","최대심박수의 60~70% / 지방 산화율 최대","최대심박수의 90% / 최대심박수의 40%"
"트레이닝방법론",38,"PART 5 · 유산소 트레이닝","인터벌 트레이닝의 구성 요소는?","운동 강도 / 운동 시간 / 휴식 시간의 조합으로 구성","운동 강도 / 운동 시간 / 휴식 시간","영양 섭취 / 수면 시간 / 보충제"
"트레이닝방법론",39,"PART 5 · 유산소 트레이닝","서킷 트레이닝(Circuit Training)이란?","여러 운동 스테이션을 순환하며 최소 휴식으로 실시하는 트레이닝","여러 운동 스테이션 / 순환 / 최소 휴식","한 운동 / 반복 / 긴 휴식"
"트레이닝방법론",40,"PART 6 · 포즈 지도","프런트 더블 바이셉스(Front Double Biceps) 포즈의 핵심은?","정면에서 두 팔 굽혀 올림 → 이두근 수축 극대화, 정면 방향 제시","두 팔 굽혀 올림 / 이두근 수축 / 정면","팔 펴기 / 삼두근 / 측면"
"트레이닝방법론",41,"PART 6 · 포즈 지도","프런트 랫 스프레드(Front Lat Spread)의 핵심은?","광배근 펼침 극대화, 허리 짧게 눌러 V자 강조, 정면 방향","광배근 펼침 / 허리 짧게 / 정면","광배근 오므림 / 허리 길게 / 측면"
"트레이닝방법론",42,"PART 6 · 포즈 지도","사이드 체스트(Side Chest) 포즈의 핵심은?","측면 방향, 대흉근 수축 극대화, 팔 굽힘으로 가슴 두께 강조","측면 / 대흉근 수축 / 팔 굽힘","정면 / 광배근 / 팔 펴기"
"트레이닝방법론",43,"PART 6 · 포즈 지도","백 더블 바이셉스(Back Double Biceps) 포즈의 핵심은?","후면에서 이두근과 광배근 동시 강조","후면 / 이두근 / 광배근 동시 강조","전면 / 삼두근 / 대흉근"
"트레이닝방법론",44,"PART 6 · 포즈 지도","백 랫 스프레드(Back Lat Spread)의 핵심은?","후면에서 광배근 최대 펼침으로 V라인 강조","후면 / 광배근 최대 펼침 / V라인","전면 / 광배근 오므림 / X라인"
"트레이닝방법론",45,"PART 6 · 포즈 지도","사이드 트라이셉스(Side Triceps) 포즈의 핵심은?","측면 방향에서 삼두근 수축을 위해 팔 펴기","측면 / 삼두근 수축 / 팔 펴기","정면 / 이두근 / 팔 굽히기"
"트레이닝방법론",46,"PART 6 · 포즈 지도","어브도미널 앤 사이 (Abdominal & Thigh) 포즈의 핵심은?","복근 수축과 대퇴근 수축을 동시에, 정면 방향","복근 수축 / 대퇴근 수축 / 정면","복근 이완 / 대퇴근 이완 / 측면"
"트레이닝방법론",47,"PART 6 · 포즈 지도","모스트 머스큘러(Most Muscular) 포즈의 핵심은?","전신 근육 수축으로 승모근 강조하며 전면 압박 자세","전신 근육 수축 / 승모근 강조 / 전면 압박","근육 이완 / 삼각근 강조 / 후면"
"트레이닝방법론",48,"PART 6 · 포즈 지도","포즈 지도 시 주의사항 3가지는?","호흡 조절 / 근육 수축 유지 / 표정 관리","호흡 조절 / 근육 수축 유지 / 표정 관리","빠른 전환 / 근육 이완 / 무표정"
"트레이닝방법론",49,"PART 6 · 포즈 지도","포징(Posing) 연습의 효과는?","근육 발달 촉진 / 신체 인식 향상 / 무대 적응력 증가","근육 발달 / 신체 인식 / 무대 적응","근육 감소 / 신체 무감각 / 무대 공포"
"트레이닝방법론",50,"PART 2 · 트레이닝 변인","웜업(Warm-up)의 목적은?","체온 상승 / 관절 가동성 증가 / 부상 예방","체온 상승 / 관절 가동성 증가 / 부상 예방","체온 감소 / 관절 가동성 감소 / 피로 유발"
"트레이닝방법론",51,"PART 2 · 트레이닝 변인","쿨다운(Cool-down)의 목적은?","심박수 감소 / 근육 피로 해소 / 유연성 유지","심박수 감소 / 근육 피로 해소 / 유연성 유지","심박수 증가 / 근육 피로 증가 / 유연성 감소"
"트레이닝방법론",52,"PART 2 · 트레이닝 변인","복합 운동(Compound Exercise)과 단관절 운동(Isolation)의 차이는?","복합 운동(다관절) = 여러 근육 동시 사용 / 단관절 운동(고립) = 특정 근육 집중","복합 운동(다관절) / 단관절 운동(고립)","단관절 운동(다관절) / 복합 운동(고립)"
"트레이닝방법론",53,"PART 2 · 트레이닝 변인","과훈련 증후군(Overtraining Syndrome)의 증상은?","수행 능력 저하 / 만성 피로 / 면역력 저하","수행 능력 저하 / 만성 피로 / 면역력 저하","수행 능력 향상 / 에너지 증가 / 면역력 향상"
"트레이닝방법론",54,"PART 1 · 트레이닝 원리","초과회복(Supercompensation)이란?","운동 후 회복 과정에서 운동 전보다 높은 수준으로 향상. 적절한 휴식이 필수","운동 후 회복 / 운동 전보다 높은 수준 / 적절한 휴식","운동 중 회복 / 운동 전보다 낮은 수준 / 휴식 없음"
"트레이닝방법론",55,"PART 1 · 트레이닝 원리","주기화(Periodization)란?","체계적 훈련 사이클로 강도와 양 변화를 통해 피크 성과를 이끌어내는 계획","훈련 사이클 / 강도와 양 변화 / 피크 성과","무작위 훈련 / 고정된 강도 / 평균 성과"
"트레이닝방법론",56,"PART 1 · 트레이닝 원리","선형 주기화 vs 비선형(파동) 주기화의 차이는?","선형(점진적 증가) = 매크로사이클에 걸쳐 강도 상승 / 비선형(주기적 변화) = 세션마다 강도 변동","선형(점진적 증가) / 비선형(주기적 변화)","선형(주기적 감소) / 비선형(고정)"
"트레이닝방법론",57,"PART 3 · 저항 트레이닝","네거티브 트레이닝(Negative Training)이란?","신장성 수축 단계에 집중, 무게 천천히 내리기로 DOMS 유발 및 근섬유 손상 극대화","신장성 수축 / 무게 천천히 내리기 / DOMS 유발","단축성 수축 / 무게 빠르게 올리기 / 근육 이완"
"트레이닝방법론",58,"PART 3 · 저항 트레이닝","프리-익조스천(Pre-exhaustion)이란?","복합 운동 전에 단관절 운동으로 선피로시켜 목표 근육 집중 자극","복합 운동 전 / 단관절 운동으로 선피로 / 목표 근육 집중","복합 운동 후 / 복합 운동으로 선피로 / 보조 근육 집중"
"트레이닝방법론",59,"PART 3 · 저항 트레이닝","레스트-폴즈(Rest-Pause)란?","한계 도달 후 짧은 휴식(10~20초) 뒤 추가 반복 실시","한계 도달 / 짧은 휴식(10~20초) / 추가 반복","한계 미달 / 긴 휴식(3~5분) / 세트 종료"
"트레이닝방법론",60,"PART 5 · 유산소 트레이닝","VO2max란?","최대 산소 섭취량. 단위 mL/kg/min. 높을수록 유산소 능력 우수","최대 산소 섭취량 / 유산소 능력 / mL/kg/min","최소 산소 섭취량 / 무산소 능력 / L/min 고정"
"트레이닝방법론",61,"PART 5 · 유산소 트레이닝","유산소 운동의 심폐 적응 효과는?","심박출량 증가 / 안정 시 심박수 감소 / 모세혈관 밀도 증가","심박출량 증가 / 안정 시 심박수 감소 / 모세혈관 밀도 증가","심박출량 감소 / 안정 시 심박수 증가 / 모세혈관 밀도 감소"
"트레이닝방법론",62,"PART 5 · 유산소 트레이닝","운동 후 산소 부채(EPOC)란?","운동 후에도 기초대사 이상 산소 소비 지속 → 칼로리 추가 소모","운동 후 / 기초대사 이상 산소 소비 / 칼로리 추가 소모","운동 중 / 기초대사 이하 산소 소비 / 칼로리 소모 없음"
"트레이닝방법론",63,"PART 4 · 수준별 트레이닝","벌크업(Bulk-up) 시즌과 컷팅(Cutting) 시즌의 목표 차이는?","벌크업(근육량 증가) = 칼로리 과잉 + 고강도 저항 / 컷팅(체지방 감소) = 칼로리 결핍 + 유산소 추가","벌크업(근육량 증가) / 컷팅(체지방 감소)","벌크업(체지방 증가) / 컷팅(근육량 감소)"
"트레이닝방법론",64,"PART 4 · 수준별 트레이닝","클린 벌크(Clean Bulk)란?","건강한 음식으로 적절한 칼로리 과잉을 유지하면서 체지방 최소화하는 방식","건강한 음식 / 적절한 칼로리 과잉 / 체지방 최소화","정크푸드 / 과도한 칼로리 과잉 / 체지방 무시"
"운동영양학",1,"PART 1 · 영양소 기초","3대, 5대, 6대 영양소를 설명하시오.","3대: 탄수화물·단백질·지방 / 5대: +비타민·무기질 / 6대: +물","탄수화물·단백질·지방 / 비타민·무기질 / 물","탄수화물·지방·비타민 / 단백질·무기질·수분 / 탄수화물·단백질·비타민"
"운동영양학",2,"PART 1 · 영양소 기초","탄수화물·단백질 1g당 ___kcal, 지방 1g당 ___kcal이다.","탄수화물·단백질 4kcal / 지방 9kcal","4kcal / 9kcal","탄수화물·단백질 9kcal / 지방 4kcal / 탄수화물·단백질 7kcal / 지방 9kcal / 탄수화물·단백질 4kcal / 지방 7kcal"
"운동영양학",3,"PART 1 · 영양소 기초","탄수화물이 저장되는 3곳과 형태를 말하시오.","근육(글리코겐) / 간(글리코겐) / 혈액(글루코스)","근육(글리코겐) / 간(글리코겐) / 혈액(글루코스)","근육(글루코스) / 간(글리코겐) / 혈액(지방산) / 근육(글리코겐) / 신장(글리코겐) / 혈액(글루코스) / 간(글루코스) / 근육(글리코겐) / 혈액(지방산)"
"운동영양학",4,"PART 1 · 영양소 기초","단순 탄수화물과 복합 탄수화물의 예시를 말하시오.","단순: 설탕·밀가루 / 복합: 고구마·쌀·곡류","설탕·밀가루 / 고구마·쌀·곡류","현미·통밀 / 설탕·과당 / 과당·포도당 / 고구마·밀가루 / 설탕·꿀 / 쌀·감자·밀가루"
"운동영양학",5,"PART 1 · 영양소 기초","완전 단백질과 불완전 단백질을 설명하시오.","완전 단백질: 모든 필수 아미노산 포함(소고기·달걀) / 불완전 단백질: 하나 이상 부족(두부·견과류)","완전 단백질 / 불완전 단백질","동물성 단백질 / 식물성 단백질 / 필수 단백질 / 비필수 단백질 / 합성 단백질 / 천연 단백질"
"운동영양학",6,"PART 1 · 영양소 기초","포화지방과 불포화지방을 설명하시오.","포화지방: 동물성·상온 고체·LDL 상승 / 불포화지방: 식물성·상온 액체·콜레스테롤 저하","포화지방 / 불포화지방","중성지방 / 인지질 / LDL / HDL / 동물성지방 / 필수지방"
"운동영양학",7,"PART 1 · 영양소 기초","필수지방산이란 무엇이며 대표적인 종류는?","필수지방산: 체내 합성 불가, 음식으로 섭취 / 대표: 오메가-3·오메가-6","필수지방산 / 오메가-3·오메가-6","포화지방산 / 오메가-3·오메가-9 / 불포화지방산 / 오메가-6·오메가-9 / 필수지방산 / 오메가-1·오메가-3"
"운동영양학",8,"PART 1 · 영양소 기초","""피부·근육 사이에 축적, 체온 유지·충격 완화""는 ___, ""장기 주변 축적, 과다 시 대사증후군 유발""은 ___이다.","피하지방 / 내장지방","피하지방 / 내장지방","내장지방 / 피하지방 / 중성지방 / 내장지방 / 체지방 / 중성지방"
"운동영양학",9,"PART 1 · 영양소 기초","""신체에 저장된 지방""은 ___, ""체지방을 제외한 근육·뼈·수분 등""은 ___이다.","체지방 / 제지방","체지방 / 제지방","내장지방 / 피하지방 / 피하지방 / 제지방 / 체지방 / 근육량"
"운동영양학",10,"PART 1 · 영양소 기초","""고밀도, 콜레스테롤을 간으로 운반, 동맥경화 예방""은 ___, ""저밀도, 혈관 내벽 축적, 심혈관 질환 유발""은 ___이다.","HDL / LDL","HDL / LDL","LDL / HDL / HDL / VLDL / VLDL / LDL"
"운동영양학",11,"PART 1 · 영양소 기초","에너지원으로서 탄수화물, 지방, 단백질의 단점을 각각 설명하시오.","탄수화물: 저장량 부족(고갈 시 피로) / 지방: 에너지 전환 느림(고강도 운동 부적합) / 단백질: 근손실(에너지원 사용 시)","저장량 부족 / 에너지 전환 느림 / 근손실","소화 어려움 / 저장량 부족 / 에너지 전환 느림 / 저장량 부족 / 근손실 / 에너지 전환 느림 / 흡수 느림 / 산소 불필요 / 근손실"
"운동영양학",12,"PART 2 · 수분","인체에서 수분의 역할 4가지를 말하시오.","체온 조절 / 영양소 운반 / 노폐물 배출 / 세포막 구조 유지","체온 조절 / 영양소 운반 / 노폐물 배출 / 세포막 구조 유지","에너지 생성 / 호르몬 합성 / 소화 촉진"
"운동영양학",13,"PART 2 · 수분","탈수의 원인과 증상을 설명하시오.","원인: 과도한 발한·수분 섭취 부족·전해질 손실 / 증상: 갈증·어지러움·근육 경련·운동 수행 능력 저하","과도한 발한·수분 섭취 부족·전해질 손실 / 갈증·어지러움·근육 경련·운동 수행 능력 저하","과호흡·고혈압 / 발열·구토 / 수분 과다·전해질 손실 / 부종·두통 / 과도한 발한·수분 섭취 부족 / 고혈압·빈맥"
"운동영양학",14,"PART 2 · 수분","고온에서 운동 시 수분 섭취 방법을 설명하시오.","땀으로 전해질도 손실되므로 이온 음료·나트륨 포함 수분 섭취가 효과적","전해질 / 이온 음료·나트륨","순수 물만 섭취 / 운동 후 한꺼번에 / 카페인 음료 / 운동 중 금지 / 탄산음료 / 소량 자주"
"운동영양학",15,"PART 3 · 비타민 및 무기질","수용성 비타민과 지용성 비타민을 설명하시오.","수용성: B군·C(과잉 시 소변 배출) / 지용성: A·D·E·K(체내 축적, 과다 시 부작용)","B군·C / A·D·E·K","B군·D / A·C·E·K / C·D / A·B·E·K / B군·C / A·D·E·B12"
"운동영양학",16,"PART 3 · 비타민 및 무기질","비타민 C의 역할과 결핍 시 발생하는 질환을 설명하시오.","역할: 콜라겐 합성·항산화·면역력 강화 / 결핍: 괴혈병(잇몸 출혈·상처 회복 지연)","콜라겐 합성·항산화·면역력 강화 / 괴혈병","케라틴 합성·항산화 / 구루병 / 엘라스틴 합성·면역력 / 야맹증 / 콜라겐 합성·에너지 대사 / 빈혈"
"운동영양학",17,"PART 3 · 비타민 및 무기질","에어로빅 운동 중 산소를 절약하는 비타민은 무엇인가?","비타민 E","비타민 E","비타민 C / 비타민 D / 비타민 B12"
"운동영양학",18,"PART 3 · 비타민 및 무기질","엽산에 대해 설명하시오.","비타민 B군의 일종 / 역할: DNA·RNA 합성·세포 분열 / 특히 임산부에게 필요","비타민 B군 / DNA·RNA 합성·세포 분열 / 임산부","비타민 C군 / 단백질 합성 / 노인 / 비타민 B군 / 지방 대사 / 운동선수 / 비타민 A군 / DNA 합성 / 임산부"
"운동영양학",19,"PART 4 · 아미노산 및 보충제","필수 아미노산 9가지를 모두 말하시오.","류신 / 이소류신 / 발린 / 페닐알라닌 / 메티오닌 / 트레오닌 / 히스티딘 / 라이신 / 트립토판","류신 / 이소류신 / 발린 / 페닐알라닌 / 메티오닌 / 트레오닌 / 히스티딘 / 라이신 / 트립토판","글루타민 / 아르기닌 / 글리신"
"운동영양학",20,"PART 4 · 아미노산 및 보충제","BCAA에 대해 설명하시오.","분지사슬 아미노산 / 구성: 류신·이소류신·발린 / 효과: 근육 회복·근손실 예방·피로 감소","분지사슬 아미노산 / 류신·이소류신·발린 / 근육 회복·근손실 예방·피로 감소","필수 아미노산 전체 / 류신·메티오닌·발린 / 지방 연소 / 분지사슬 아미노산 / 류신·이소류신·트립토판 / 면역력 강화 / 비필수 아미노산 / 류신·이소류신·발린 / 근육 회복"
"운동영양학",21,"PART 4 · 아미노산 및 보충제","유청 단백질에 대해 설명하시오.","우유의 치즈 가공 과정에서 추출 / 완전 단백질 / 목적: 운동 후 빠른 근육 회복","치즈 가공 과정 / 완전 단백질 / 운동 후 빠른 근육 회복","두부 가공 과정 / 불완전 단백질 / 운동 전 섭취 / 치즈 가공 과정 / 불완전 단백질 / 운동 후 회복 / 요거트 가공 과정 / 완전 단백질 / 운동 후 회복"
"운동영양학",22,"PART 4 · 아미노산 및 보충제","크레아틴에 대해 설명하시오.","골격근 95% 저장 / 고강도 운동 시 ATP 재합성 / 효과: 순간 근력·운동 수행 능력 향상","골격근 95% 저장 / ATP 재합성 / 순간 근력·운동 수행 능력 향상","간 80% 저장 / ADP 재합성 / 지구력 향상 / 골격근 95% 저장 / ADP 재합성 / 근육 회복 / 골격근 70% 저장 / ATP 재합성 / 지방 연소"
"운동영양학",23,"PART 4 · 아미노산 및 보충제","카페인의 효과와 권장량을 설명하시오.","효과: 각성·집중력·지방 연소·운동 수행 능력 향상 / 권장량: 성인 400mg·임산부 200mg·청소년 2.5mg/kg 이하","각성·집중력·지방 연소·운동 수행 능력 향상 / 성인 400mg·임산부 200mg·청소년 2.5mg/kg","각성·근육 이완·지방 연소 / 성인 200mg·임산부 400mg / 집중력·혈압 상승·지방 연소 / 성인 400mg·임산부 300mg / 각성·집중력·수면 유도 / 성인 300mg·임산부 200mg"
"운동영양학",24,"PART 4 · 아미노산 및 보충제","글루타민에 대해 설명하시오.","비필수 아미노산 / 효과: 면역력 강화·근손실 방지 / 고강도 훈련 시 조건부 필수 아미노산으로 작용","비필수 아미노산 / 면역력 강화·근손실 방지 / 조건부 필수 아미노산","필수 아미노산 / 지방 연소·피로 감소 / 일반 필수 / 비필수 아미노산 / 지방 연소·피로 감소 / 조건부 필수 / 준필수 아미노산 / 근손실 방지·혈관 확장 / 조건부 필수"
"운동영양학",25,"PART 4 · 아미노산 및 보충제","아르기닌의 효과를 설명하시오.","준필수 아미노산 / 효과: 혈관 확장·혈류 증가 / 근육 펌핑 효과","준필수 아미노산 / 혈관 확장·혈류 증가 / 근육 펌핑","비필수 아미노산 / 혈관 수축·혈압 상승 / 지방 연소 / 필수 아미노산 / 혈관 확장·혈류 증가 / 근손실 방지 / 준필수 아미노산 / ATP 재합성 / 근육 펌핑"
"운동영양학",26,"PART 4 · 아미노산 및 보충제","아나볼릭 스테로이드에 대해 설명하시오.","단백질 동화 촉진으로 근육 강화 / 세계 도핑방지규약 금지 약물 / 부작용: 심혈관 질환·호르몬 불균형","단백질 동화 촉진 / 세계 도핑방지규약 금지 / 심혈관 질환·호르몬 불균형","지방 동화 촉진 / IOC 금지 / 근손실·탈수 / 단백질 동화 촉진 / 국내법 금지 / 심혈관 질환 / 탄수화물 동화 촉진 / 세계 도핑방지규약 금지 / 호르몬 불균형"
"운동영양학",27,"PART 4 · 아미노산 및 보충제","엘 카르니틴에 대해 설명하시오.","지방산→미토콘드리아 운반하여 에너지 전환 / 효과: 지방 연소 촉진·피로 감소","지방산→미토콘드리아 운반 / 지방 연소 촉진·피로 감소","단백질→미토콘드리아 운반 / 근육 회복 / 지방산→세포핵 운반 / 지방 연소·근력 향상 / 포도당→미토콘드리아 운반 / 지방 연소"
"운동영양학",28,"PART 4 · 아미노산 및 보충제","DHA에 대해 설명하시오.","고도 불포화 지방산 / 효과: 두뇌 활동 활성화·혈중 콜레스테롤 저하","고도 불포화 지방산 / 두뇌 활동 활성화·혈중 콜레스테롤 저하","단순 불포화 지방산 / 근육 회복·혈당 조절 / 포화 지방산 / 두뇌 활동·면역력 강화 / 고도 불포화 지방산 / 혈당 조절·지방 연소"
"운동영양학",29,"PART 4 · 아미노산 및 보충제","크레아티닌에 대해 설명하시오.","크레아틴 대사 산물 / 소변으로 배설 / 신장 기능 지표로 활용","크레아틴 대사 산물 / 신장 기능 지표","글루타민 대사 산물 / 간 기능 지표 / 크레아틴 전구체 / 간 기능 지표 / 크레아틴 대사 산물 / 간 기능 지표"
"운동영양학",30,"PART 4 · 아미노산 및 보충제","글루탐산에 대해 설명하시오.","비필수 아미노산 / 효과: 근육 합성 촉진·면역체계 활성화 / 신장 이상 시 주의","비필수 아미노산 / 근육 합성 촉진·면역체계 활성화 / 신장 이상 시 주의","필수 아미노산 / 지방 분해·면역 활성화 / 간 이상 시 주의 / 비필수 아미노산 / ATP 재합성·면역 활성화 / 신장 이상 시 주의 / 조건부 필수 아미노산 / 근육 합성·혈관 확장 / 심장 이상 시 주의"
"운동영양학",31,"PART 5 · 식이 전략","포도당과 글리코겐에 대해 설명하시오.","포도당(단당류·즉각 에너지원) / 글리코겐(간·근육 저장 형태), 필요 시 포도당으로 분해","포도당(단당류·즉각 에너지원) / 글리코겐(간·근육 저장 형태)","포도당(이당류) / 글리코겐(혈액 저장) / 과당(단당류) / 글리코겐(근육 저장) / 포도당(다당류) / 글리코겐(지방 저장)"
"운동영양학",32,"PART 5 · 식이 전략","카보로딩(글리코겐 로딩)에 대해 설명하시오.","근 글리코겐 저장량 극대화를 위해 경기·고강도 운동 전 탄수화물 대량 섭취하는 방법","근 글리코겐 저장량 극대화 / 경기·고강도 운동 전 탄수화물 대량 섭취","체지방 저장량 극대화 / 경기 후 탄수화물 섭취 / 근 글리코겐 저장 / 경기 전 단백질 대량 섭취 / 혈당 극대화 / 경기 중 탄수화물 섭취"
"운동영양학",33,"PART 5 · 식이 전략","단백질 섭취 시기를 설명하시오.","운동 후 30분~1시간 이내가 최적 / 이 시간대를 기회의 창이라 함 / 동화작용 활성화로 근육 회복·성장","운동 후 30분~1시간 이내 / 기회의 창 / 동화작용 활성화","운동 전 30분 / 준비의 창 / 이화작용 활성화 / 운동 후 2~3시간 / 회복의 창 / 동화작용 활성화 / 운동 후 30분~1시간 / 골든타임 / 이화작용 활성화"
"운동영양학",34,"PART 5 · 식이 전략","운동 1시간 전 탄수화물을 섭취하는 이유를 설명하시오.","혈당·글리코겐 보충으로 운동 에너지 확보 / 직전 섭취 시 인슐린 과분비·혈당 급강하 방지를 위해 1시간 전 권장","혈당·글리코겐 보충 / 인슐린 과분비·혈당 급강하 방지","단백질 보충 / 글루카곤 과분비 방지 / 혈당 보충 / 코르티솔 과분비 방지 / 글리코겐 보충 / 인슐린 과분비 방지 위해 운동 직전 섭취"
"운동영양학",35,"PART 5 · 식이 전략","공복 상태에서 고강도 운동을 피해야 하는 이유를 설명하시오.","혈당·글리코겐 부족으로 수행 능력 저하 / 근단백질 분해·근손실 발생 / 저혈당 증상(어지러움·두통) 위험","혈당·글리코겐 부족 / 근단백질 분해·근손실 / 저혈당 증상","체온 저하 / 지방 과다 연소 / 고혈당 / 혈당 과잉 / 글리코겐 과다 / 근비대 / 혈당 부족 / 지방 분해 증가 / 저혈압"
"운동영양학",36,"PART 5 · 식이 전략","근력 운동 후 영양 섭취 방법을 설명하시오.","운동 후 30분~1시간 이내 섭취 / 단백질(근육 회복·성장) + 탄수화물(글리코겐 보충) 함께","운동 후 30분~1시간 이내 / 단백질(근육 회복·성장) / 탄수화물(글리코겐 보충)","운동 후 3시간 이내 / 지방 위주 섭취 / 단백질(글리코겐 보충) / 운동 직후 / 단백질만 섭취 / 탄수화물(에너지 보충) / 운동 전 30분 / 단백질+탄수화물 / 지방(글리코겐 보충)"
"운동영양학",37,"PART 5 · 식이 전략","에너지 섭취 부족 시 여성에게 발생할 수 있는 증상 3가지를 말하시오.","생리불순 / 골다공증 / 빈혈","생리불순 / 골다공증 / 빈혈","탈수 / 고혈압 / 비만"
"운동영양학",38,"PART 5 · 식이 전략","알코올 섭취가 운동 수행 능력에 미치는 영향을 설명하시오.","반응 시간 저하 / 신체 탈수 / 균형 감각 저하 / 근육 성장 방해 / 심혈관계 지구력 저하","반응 시간 저하 / 신체 탈수 / 균형 감각 저하 / 근육 성장 방해 / 심혈관계 지구력 저하","근력 향상 / 집중력 향상 / 혈당 증가"
"운동영양학",39,"PART 5 · 식이 전략","트레이닝을 위한 필요 칼로리를 설명하시오.","일반 성인 일상: 2,000~2,500kcal / 트레이닝 중: 3,000~3,500kcal","2,000~2,500kcal / 3,000~3,500kcal","1,500~2,000kcal / 2,500~3,000kcal / 2,000~2,500kcal / 2,500~3,000kcal / 2,500~3,000kcal / 3,500~4,000kcal"
"운동영양학",40,"PART 5 · 식이 전략","보충제 1회 섭취 권장량을 말하시오.","남성 30g / 여성 20g 이하","남성 30g / 여성 20g","남성 20g / 여성 10g / 남성 40g / 여성 30g / 남성 50g / 여성 20g"
"운동영양학",41,"PART 5 · 식이 전략","시합 전 수분 조절 방법을 설명하시오.","1~2주 전 충분한 수분 섭취 / 하루 전 수분 조절·근육 선명도 향상","1~2주 전 충분한 수분 섭취 / 하루 전 수분 조절·근육 선명도 향상","시합 당일 수분 과다 섭취 / 근육 이완 / 1~2주 전 수분 제한 / 체중 감량 / 시합 직전 수분 보충 / 근육 선명도 향상"
"운동영양학",42,"PART 5 · 식이 전략","당뇨병의 종류를 설명하시오.","제1형(인슐린 생산 불가·소아 발병) / 제2형(인슐린 저항성·가장 빈번)","제1형(인슐린 생산 불가·소아 발병) / 제2형(인슐린 저항성·가장 빈번)","제1형(인슐린 저항성) / 제2형(인슐린 생산 불가) / 제1형(성인 발병) / 제2형(소아 발병) / 제1형(글루카곤 과다) / 제2형(인슐린 저항성)"
"운동영양학",43,"PART 5 · 식이 전략","음식물 섭취 후 입에서 위까지의 소화 과정을 설명하시오.","① 구강: 아밀라아제(탄수화물 분해) → ② 식도 이동 → ③ 위: 위산·펩신(단백질 분해)","아밀라아제(탄수화물 분해) / 위산·펩신(단백질 분해)","리파아제(탄수화물) / 담즙(단백질) / 아밀라아제(지방) / 위산·펩신(탄수화물) / 펩신(탄수화물) / 위산·아밀라아제(단백질)"
"보디빌딩 규정",1,"PART 1 · IFBB 일반규정","보디빌딩의 창시자와 국내 보급자를 말하시오.","창시자: 유젠 산도우 (19세기 독일 태생) / 국내 보급: 문곡 서상천 선생 (역도와 함께 보디빌딩 전파)","유젠 산도우 / 문곡 서상천","아놀드 슈워제네거 / 찰스 아틀라스 / 조 웨이더"
"보디빌딩 규정",2,"PART 1 · IFBB 일반규정","보디빌딩 종목별 IFBB 총회 공식 인정 연도와 장소를 말하시오.","남자 보디빌딩: 1970년 유고슬라비아 베오그라드 / 여자 보디빌딩: 1982년 벨기에 브뤼헤 / 보디 피트니스: 2002년 이집트 카이로 / 클래식 보디빌딩: 2005년 중국 상하이 / 비키니: 2010년 아제르바이잔 바쿠 / 남녀 피지크: 2012년 에콰도르 과야킬 / 남자 클래식 피지크: 2018년 스페인 베니돔","남자 보디빌딩: 1970년 유고슬라비아 베오그라드 / 여자 보디빌딩: 1982년 벨기에 브뤼헤 / 보디 피트니스: 2002년 이집트 카이로 / 클래식 보디빌딩: 2005년 중국 상하이 / 비키니: 2010년 아제르바이잔 바쿠 / 남녀 피지크: 2012년 에콰도르 과야킬 / 남자 클래식 피지크: 2018년 스페인 베니돔","클래식 보디빌딩: 2002년 이집트 카이로 / 비키니: 2012년 에콰도르 과야킬 / 남자 피지크: 2010년 아제르바이잔 바쿠"
"보디빌딩 규정",3,"PART 1 · IFBB 일반규정","보디빌딩과 역도의 차이를 설명하시오.","보디빌딩: 근비대 목적·최대 근력 70~85%·1세트 8~12회·균형 잡힌 육체미 심사 / 역도: 파워·힘 목적·최대 근력 80% 이상·1세트 1~3회·무게 들어 올리기 심사","근비대 / 70~85% / 파워·힘 / 80% 이상","근지구력 / 순발력 / 85~95% / 60~70%"
"보디빌딩 규정",4,"PART 1 · IFBB 일반규정","보디빌딩의 효과를 설명하시오.","근력·근지구력·심폐지구력·유연성 향상 / 체지방 감소 / 자세 교정","근력 향상 / 근지구력 향상 / 심폐지구력 향상 / 유연성 향상 / 체지방 감소 / 자세 교정","순발력 향상 / 골밀도 감소 / 심박수 증가"
"보디빌딩 규정",5,"PART 1 · IFBB 일반규정","세계선수권대회에서 한 체급 출전 선수가 5명 미만인 경우 처리 방법을 설명하시오.","다음 상위 체급과 통합 / 통합 후에도 5명 미만 시 타이틀·메달 미수여 / 2년 연속 5명 미만 시 체급 삭제 가능","상위 체급과 통합 / 타이틀·메달 미수여 / 2년 연속","하위 체급과 통합 / 메달만 수여 / 3년 연속 / 즉시 폐지"
"보디빌딩 규정",6,"PART 1 · IFBB 일반규정","계체에 실패한 선수에게 주어지는 시간과 미복귀 시 처리는?","최대 30분 제공 / 30분 내 미복귀 시 경기 참가 불가 / 복귀 책임은 선수에게 있음","최대 30분 / 경기 참가 불가","최대 15분 / 최대 60분 / 즉시 실격 / 하위 체급 변경"
"보디빌딩 규정",7,"PART 1 · IFBB 일반규정","선택 체급 제한 체중을 초과한 선수는 어떻게 되는가?","다음 상위 체급 출전 가능","다음 상위 체급 출전 가능","즉시 실격 / 하위 체급으로 변경 가능 / 30분 내 감량 후 재측정"
"보디빌딩 규정",8,"PART 1 · IFBB 일반규정","예선 라운드 진행 기준과 통과 인원을 설명하시오.","15명 초과 시 예선 라운드 진행 / 상위 15명 제1라운드 진출 / 필요 시 심판위원장이 10~17명으로 조정 가능","15명 초과 / 상위 15명","10명 초과 / 20명 초과 / 상위 6명 / 상위 10명"
"보디빌딩 규정",9,"PART 1 · IFBB 일반규정","준결선(제1라운드) 생략 기준과 결선 진출 인원을 설명하시오.","7명 이하 시 제1라운드 생략 / 상위 6명 결선 진출·0점으로 시작","7명 이하 / 상위 6명 / 0점","5명 이하 / 10명 이하 / 상위 8명 / 상위 3명"
"보디빌딩 규정",10,"PART 1 · IFBB 일반규정","결선 채점 방식과 최종 순위 결정 방법을 설명하시오.","심판 9명이 1~6위 순위 부여 / 최종 점수 가장 낮은 선수가 1위 / 동일 순위 부여 불가","9명 / 낮은","6명 / 7명 / 높은 / 중간"
"보디빌딩 규정",11,"PART 1 · IFBB 일반규정","허용되는 남자 종목 간 중복 출전 조합을 설명하시오.","① 게임즈 클래식-클래식 보디빌딩-클래식 피지크-보디빌딩 / ② 남자 피트니스-남자 피지크","보디빌딩 / 남자 피지크","비키니 / 피지크 / 클래식 피지크 / 남자 피트니스"
"보디빌딩 규정",12,"PART 1 · IFBB 일반규정","공식 선수 등록(계체) 시 반드시 지참해야 할 서류·물품을 설명하시오.","유효한 IFBB 국제 카드 / 유효한 여권 또는 사진 포함 신분증 / 음악 CD(선수 이름·시작 부분 표시) 또는 MP3 USB","유효한 IFBB 국제 카드 / 유효한 여권 또는 사진 포함 신분증 / 음악 CD(선수 이름·시작 부분 표시) 또는 MP3 USB","도핑 검사 결과서 / 체지방 측정 결과지 / 소속 국가 추천서"
"보디빌딩 규정",13,"PART 1 · IFBB 일반규정","포즈용 음악에 불경하거나 저속한 언어가 포함된 경우 처리 방법은?","심판위원장이 즉시 음악 중지·무대 퇴장 지시 / 재포즈 기회 없음·해당 라운드 0점","무대 퇴장 / 없음 / 0점","경고 / 음악 교체 / 있음 / 절반 감점"
"보디빌딩 규정",14,"PART 1 · IFBB 일반규정","IFBB 국제 대회 시상식 선수 호명 순서를 설명하시오.","6위부터 역순 호명 / 6위: 시상대 왼편, 5위: 오른편 → 4·3·2·1위 순","역순 / 왼편 / 오른편","정순 / 중앙 / 뒤쪽"
"보디빌딩 규정",15,"PART 1 · IFBB 일반규정","시상식에서 결과에 불만을 드러내거나 무대를 조기에 떠나는 경우 처리는?","실격 처리 / 메달·상 수령 후 사진 촬영 종료까지 참여 의무","실격 처리","경고 후 다음 대회 출전 제한 / 점수 감점 / 해당 순위 박탈 후 재심사"
"보디빌딩 규정",16,"PART 1 · IFBB 일반규정","IFBB 대회 오버롤 진행 시기와 방식을 설명하시오.","마지막 체급 시상식 직후 진행 / 채점지 6으로 전 선수 순위 부여","마지막 체급 / 6","첫 체급 / 경기 시작 전 / 1 / 3"
"보디빌딩 규정",17,"PART 1 · IFBB 일반규정","IFBB 국제 대회 무대 최적 규격을 설명하시오.","높이 80~100cm / 너비 16~24m·깊이 6~8m / 회색 카펫·중간색 배경(무광택 진한 파란색 또는 검은색)","80~100cm / 16~24m / 6~8m / 회색","60cm / 100~120cm / 10~15m / 4~6m / 파란색"
"보디빌딩 규정",18,"PART 1 · IFBB 일반규정","무대 조명 기준을 설명하시오.","평균 밝기 4,500~5,000럭스 / 그늘진 구역 없어야 함 / 전체 라인업 조명·무대 중앙 집중 조명 2가지 설정","4,500~5,000럭스 / 없어야 / 2가지","2,000~3,000럭스 / 있어도 됨 / 1가지 / 3가지"
"보디빌딩 규정",19,"PART 1 · IFBB 일반규정","탈의실 접근 및 무대 뒤 출입 규정을 설명하시오.","필수 인력으로 엄격히 제한 / 배우자·가족·친척 접근 불가 / 코치·트레이너는 선수와 동일 성별이어야 함 / 카메라·영상 장치 반입 금지","필수 인력 / 접근 불가 / 동일 성별","누구나 / 접근 가능 / 다른 성별 / 성별 무관"
"보디빌딩 규정",20,"PART 1 · IFBB 일반규정","컬러링(무대 태닝) 규정을 설명하시오.","탄·브론저 사용 금지(지워지면 무대 입장 불가) / 인공 착색·셀프 태닝 허용(예선 24시간 전 이후) / 메탈릭 펄·황금빛·광택 제품 엄격히 금지","금지 / 24시간","허용 / 12시간 / 48시간 / 권장"
"보디빌딩 규정",21,"PART 1 · IFBB 일반규정","남자 대회 공통 복장 금지 사항을 설명하시오.","결혼반지 제외 악세서리 금지 / 임플란트·액상 주사 금지 / 탄·브론저 금지 / 패딩 처리 금지","결혼반지 제외 악세서리(신발·안경·시계·귀걸이 등) 금지 / 임플란트·액상 주사로 신체 형태 변형 금지 / 지워지는 탄·브론저 사용 금지 / 패딩 처리 금지","문신 금지 / 기하학적 무늬 금지 / 단색 이외 복장 금지"
"보디빌딩 규정",22,"PART 1 · IFBB 일반규정","경기 대기 및 무대 관련 주의사항을 설명하시오.","체급 시작 45분 전까지 준비 구역 도착 / 호명 시 불참 시 탈락 가능 / 무대 위 껌·음식·음료 금지","45분 / 탈락 / 금지","30분 / 60분 / 경고 / 허용"
"보디빌딩 규정",23,"PART 1 · IFBB 일반규정","보디빌딩 심판 구성을 설명하시오.","심판위원장 1명·심판장 1명·심판원 9명 / 여성 심사 시 여성 심판 4명 이상 / 각 심판원에 예비 심판원 배정","9명 / 4명 이상","7명 / 5명 / 2명 이상 / 6명 이상"
"보디빌딩 규정",24,"PART 1 · IFBB 일반규정","IFBB 국제 심판 등급 체계(C→B→A)를 설명하시오.","C등급: 세미나+이론시험+실기시험 / B등급: 3년 연속 3회 이상 또는 2년 연속 12회 이상+세미나 / A등급: B등급과 동일 기준 충족+세미나","실기 / 3년 3회 / 동일","면접 / 1년 1회 / 2년 2회 / 다른"
"보디빌딩 규정",25,"PART 1 · IFBB 일반규정","IFBB 심판이 즉시 퇴출되는 행위 5가지를 말하시오.","다른 심판과의 담화 / 다른 심판 결정에 영향 시도 / 심사 중 사진 촬영 / 선수 코칭 / 주류 음용 또는 마약·주류 영향 하에 심사","다른 심판과의 담화 / 다른 심판의 결정에 영향을 미치려는 시도 / 심사 중 사진 촬영 / 출전 선수 코칭 / 주류 음용 또는 마약·주류 영향 하에 심사","심판 복장 규정 위반 / 채점지 분실 / 심판석 이탈"
"보디빌딩 규정",26,"PART 1 · IFBB 일반규정","코치를 겸하는 IFBB 심판이 본인이 지도하는 선수가 무대에 오를 때 해야 할 행동은?","심판위원석을 떠나야 함 / 은폐 시 1차 1년 자격정지·2차 2년·3차 영구 삭제","심판위원석 / 1차 1년","관중석 / 대기실 / 1차 6개월 / 1차 2년"
"보디빌딩 규정",27,"PART 1 · IFBB 일반규정","쿼터턴만 있는 종목 3가지를 말하시오.","남자 피지크 / 여자 보디 피트니스 / 여자 비키니","남자 피지크 / 여자 보디 피트니스 / 여자 비키니","남자 클래식 피지크 / 여자 피지크 / 남자 보디빌딩"
"보디빌딩 규정",28,"PART 2 · 남자 보디빌딩","남자 보디빌딩이 IFBB 공식 종목으로 인정받은 연도와 장소는?","1970년 / 유고슬라비아 베오그라드 IFBB 국제 총회","1970년 / 유고슬라비아 베오그라드","1968년 / 1982년 / 미국 뉴욕 / 벨기에 브뤼헤"
"보디빌딩 규정",29,"PART 2 · 남자 보디빌딩","여자 보디빌딩 공식 인정 연도·장소와 이후 변경 사항을 설명하시오.","1982년 벨기에 브뤼헤 인정 / 2013년 모로코 마라케시에서 여자 피지크로 대체","1982년 / 2013년 / 여자 피지크","1980년 / 1985년 / 2010년 / 여자 비키니 / 여자 피트니스"
"보디빌딩 규정",30,"PART 2 · 남자 보디빌딩","남자 보디빌딩 시니어 체급 9개를 말하시오.","Bantam(65↓) / Light(70↓) / Welter(75↓) / Light-Middle(80↓) / Middle(85↓) / Super-Middle(90↓) / Light-Heavy(95↓) / Heavy(100↓) / Super-Heavy(100↑)","Bantamweight (65kg↓) / Lightweight (70kg↓) / Welterweight (75kg↓) / Light-Middleweight (80kg↓) / Middleweight (85kg↓) / Super-Middleweight (90kg↓) / Light-Heavyweight (95kg↓) / Heavyweight (100kg↓) / Super-Heavyweight (100kg↑)","Featherweight (60kg↓) / Cruiserweight (88kg↓) / Super-Heavyweight (105kg↑)"
"보디빌딩 규정",31,"PART 2 · 남자 보디빌딩","남자 보디빌딩 주니어 체급을 연령대별로 설명하시오.","16~20세: 오픈 체급 1개 / 21~23세: Lightweight(75kg↓)·Heavyweight(75kg↑)","오픈 체급 / 75kg","2개 체급 / 3개 체급 / 70kg / 80kg"
"보디빌딩 규정",32,"PART 2 · 남자 보디빌딩","남자 보디빌딩 경기 라운드 구성을 설명하시오.","예선 라운드(규정포즈 4개) → 제1라운드(규정포즈 4개+7개 비교심사) → 제2라운드(규정포즈 7개×2+포즈다운) → 제3라운드(자유포즈 최대 60초)","4개 / 7개 / 포즈다운 / 60초","3개 / 5개 / 8개 / 쿼터턴 / 30초 / 90초"
"보디빌딩 규정",33,"PART 2 · 남자 보디빌딩","남자 보디빌딩 예선 라운드 규정포즈 4개를 말하시오.","Front Double Biceps / Side Chest / Back Double Biceps / Abdominals & Thighs","Front Double Biceps / Side Chest / Back Double Biceps / Abdominals & Thighs","Front Lat Spread / Back Lat Spread / Side Triceps"
"보디빌딩 규정",34,"PART 2 · 남자 보디빌딩","남자 보디빌딩 제1라운드 규정포즈 7개를 말하시오.","Front Double Biceps / Front Lat Spread / Side Chest / Back Double Biceps / Back Lat Spread / Side Triceps / Abdominals & Thighs","Front Double Biceps / Front Lat Spread / Side Chest / Back Double Biceps / Back Lat Spread / Side Triceps / Abdominals & Thighs","Vacuum Pose / Classic Pose / Most Muscular"
"보디빌딩 규정",35,"PART 2 · 남자 보디빌딩","남자 보디빌딩 제3라운드(자유포즈) 심사 기준을 설명하시오.","음악에 맞춰 육체미 표현 / 육체미 50%+개인 자유포즈 50% / Moon포즈·복장 당기기 금지","음악 / 50%","규정포즈 / 심판 구호 / 30% / 70%"
"보디빌딩 규정",36,"PART 2 · 남자 보디빌딩","남자 보디빌딩 복장 규정을 설명하시오.","단색 불투명 트렁크 / 대둔근 3/4 이상·전면·측면 5cm / 패딩 금지·임플란트 금지","트렁크 / 3/4 / 5cm","체조용 반바지 / 보드 반바지 / 전체 / 1/2 / 15cm / 10cm"
"보디빌딩 규정",37,"PART 2 · 남자 보디빌딩","남자 보디빌딩 최종 점수 계산 방식을 설명하시오.","최종 점수 = 제2라운드 하위점수 + 제3라운드 하위점수 / 낮은 점수가 1위","하위점수 / 낮은","상위점수 / 평균점수 / 높은 / 중간"
"보디빌딩 규정",38,"PART 2 · 남자 보디빌딩","남자 보디빌딩 감점 요인에 해당하는 신체 조건은?","부풀어 오른 배·부자연스러운 근육 형태 / 여성형 유방·과도한 체지방 → 심판위원장이 실격 가능","부풀어 오른 배 / 여성형 유방","낮은 체지방 / 선명한 혈관 / 탄탄한 근육 / 균형 잡힌 체격"
"보디빌딩 규정",39,"PART 2 · 남자 보디빌딩","예선 심사와 비교 심사의 차이를 설명하시오.","예선 심사: 전체 체격 비율·대칭·근육 크기와 우수성 / 비교 심사: 근육군 세밀 평가·밀도·선명도 비교","비율·대칭 / 밀도·선명도","복장 검사 / 체중 측정 / 포즈 정확도 / 무대 매너"
"보디빌딩 규정",40,"PART 3 · 남자 클래식 보디빌딩","남자 클래식 보디빌딩이 IFBB 공식 종목으로 인정받은 연도와 장소는?","2005년 11월 27일 / 중국 상하이 IFBB 총회","2005년 11월 27일 / 중국 상하이","2002년 / 2010년 / 이집트 카이로 / 스페인 베니돔"
"보디빌딩 규정",41,"PART 3 · 남자 클래식 보디빌딩","남자 게임즈 클래식 보디빌딩이 인정받은 연도와 클래식 보디빌딩과의 차이는?","2016년 스페인 베니돔 인정 / 체중 상한이 더 낮음(근육을 덜 발달시키는 선수 대상)","2016년 / 낮음","2018년 / 2014년 / 높음 / 동일"
"보디빌딩 규정",42,"PART 3 · 남자 클래식 보디빌딩","남자 클래식 보디빌딩 시니어 체급별 최대 체중 공식을 설명하시오.","Class A(168↓): (신장-100)+0 / B(171↓): +2 / C(175↓): +4 / D(180↓): +7 / E(180↑): 180~188cm: +9 / 188~196cm: +11 / 196↑: +13","Class A(168↓): (신장-100)+0 / Class B(171↓): (신장-100)+2 / Class C(175↓): (신장-100)+4 / Class D(180↓): (신장-100)+7 / Class E(180↑): (신장-100)+9~+13","Class A(168↓): (신장-100)+2 / Class B(171↓): (신장-100)+4 / Class D(180↓): (신장-100)+9"
"보디빌딩 규정",43,"PART 3 · 남자 클래식 보디빌딩","남자 클래식 보디빌딩 경기 라운드 구성을 설명하시오.","남자 보디빌딩과 동일한 4개 라운드 / 예선 라운드는 15명 초과 시 진행 / 규정포즈 7개·자유포즈 동일","4개 / 15명","3개 / 5개 / 10명 / 20명"
"보디빌딩 규정",44,"PART 3 · 남자 클래식 보디빌딩","남자 클래식 보디빌딩 복장 규정을 설명하시오.","단색 불투명 체조용 반바지 / 대둔근 전체·전면·측면 15cm 이상 / 패딩 금지·장식품 금지","체조용 반바지 / 전체 / 15cm","트렁크 / 보드 반바지 / 3/4 / 5cm / 10cm"
"보디빌딩 규정",45,"PART 3 · 남자 클래식 보디빌딩","남자 보디빌딩 트렁크와 클래식 보디빌딩 반바지의 복장 차이를 설명하시오.","보디빌딩: 트렁크(대둔근 3/4·측면 5cm) / 클래식: 체조용 반바지(대둔근 전체·측면 15cm·장식품 금지)","5cm / 15cm","3cm / 8cm / 10cm / 20cm"
"보디빌딩 규정",46,"PART 3 · 남자 클래식 보디빌딩","남자 클래식 보디빌딩 평가 기준을 설명하시오.","근육군은 체지방 적고 단단하며 둥근 형태 / 건강하고 체격 좋으며 근육 탄탄하게 발달된 전체적으로 다 갖춘 모습","둥근 형태 / 다 갖춘 모습","각진 형태 / 극단적 선명도 / 부족한 발달 / 과도한 체지방"
"보디빌딩 규정",47,"PART 3 · 남자 클래식 보디빌딩","남자 클래식 보디빌딩 오버롤 시니어·주니어·마스터 최대 참가 인원은?","시니어: 최대 5명 / 주니어: 최대 2명 / 마스터: 최대 3명","5명 / 2명 / 3명","4명 / 6명 / 1명 / 7명"
"보디빌딩 규정",48,"PART 4 · 남자 클래식 피지크","남자 클래식 피지크가 IFBB 공식 종목으로 인정받은 연도와 장소는?","2018년 11월 / 스페인 베니돔 IFBB 총회","2018년 11월 / 스페인 베니돔","2016년 / 2015년 / 중국 상하이 / 에콰도르 과야킬"
"보디빌딩 규정",49,"PART 4 · 남자 클래식 피지크","남자 클래식 피지크 시니어 체급별 최대 체중 공식을 설명하시오.","Class 1(168↓): (신장-100)+4 / Class 2(171↓): +6 / Class 3(175↓): +8 / Class 4(180↓): +11 / Class 5(180↑): 180~188cm: +13 / 188~196cm: +15 / 196↑: +17","Class 1(168↓): (신장-100)+4 / Class 2(171↓): (신장-100)+6 / Class 3(175↓): (신장-100)+8 / Class 4(180↓): (신장-100)+11 / Class 5(180↑): (신장-100)+13~+17","Class 1(168↓): (신장-100)+0 / Class 2(171↓): (신장-100)+2 / Class 4(180↓): (신장-100)+9"
"보디빌딩 규정",50,"PART 4 · 남자 클래식 피지크","남자 클래식 보디빌딩과 클래식 피지크의 체중 공식 차이를 설명하시오.","동일 신장 기준 클래식 보디빌딩이 더 낮은 체중 허용 / 피지크가 동일 신장 대비 4kg 더 높음 (예: 168cm → 클래식 +0, 피지크 +4)","낮은 / 4kg","높은 / 동일 / 2kg / 7kg"
"보디빌딩 규정",51,"PART 4 · 남자 클래식 피지크","남자 클래식 피지크 예선 라운드 규정포즈 4개를 말하시오.","Front Double Biceps / Side Chest / Back Double Biceps / Vacuum Pose","Front Double Biceps / Side Chest / Back Double Biceps / Vacuum Pose","Front Lat Spread / Abdominals & Thighs / Classic Pose"
"보디빌딩 규정",52,"PART 4 · 남자 클래식 피지크","남자 클래식 피지크 7개 규정포즈를 말하시오.","Front Double Biceps / Side Chest / Back Double Biceps / Vacuum Pose / Side Triceps / Abdominals & Thighs / Classic Pose(애슬릿 초이스)","Front Double Biceps / Side Chest / Back Double Biceps / Vacuum Pose / Side Triceps / Abdominals & Thighs / Classic Pose(애슬릿 초이스)","Front Lat Spread / Back Lat Spread / Most Muscular"
"보디빌딩 규정",53,"PART 4 · 남자 클래식 피지크","남자 보디빌딩 7개 규정포즈와 클래식 피지크 7개 규정포즈의 차이를 설명하시오.","보디빌딩: Front Lat Spread·Back Lat Spread 포함 / 클래식 피지크: Vacuum Pose·Classic Pose 포함(Front/Back Lat Spread 없음)","Lat Spread / Vacuum / Classic","Side Triceps / Most Muscular / Abdominals / Side Chest"
"보디빌딩 규정",54,"PART 4 · 남자 클래식 피지크","애슬릿 초이스(Classic Pose)를 설명하시오.","클래식 피지크 마지막 포즈 / 자신 있는 전면 포즈 1가지·주동근 표현 / 모스트 머스큘러 포즈 불가","마지막 / 전면 포즈 / 불가","첫 번째 / 측면 포즈 / 후면 포즈 / 가능"
"보디빌딩 규정",55,"PART 4 · 남자 클래식 피지크","배큠 포즈(Vacuum Pose) 지도 방법을 설명하시오.","정면으로 서서 두 팔을 머리 뒤에·두 발 모음 → 숨을 내쉬고 복부를 척추 쪽으로 당김·복횡근 수축 / 복직근은 수축하지 않음","머리 뒤 / 내쉬고 / 복직근","허리 옆 / 들이쉬고 / 참고 / 복횡근"
"보디빌딩 규정",56,"PART 4 · 남자 클래식 피지크","남자 클래식 피지크 복장 규정을 설명하시오.","단색 불투명 체조용 반바지 / 대둔근 전체·전면·측면 15cm 이상 / 패딩 금지·장식품 금지·임플란트 금지 ※클래식 보디빌딩과 동일","체조용 반바지 / 15cm","트렁크 / 보드 반바지 / 5cm / 10cm"
"보디빌딩 규정",57,"PART 4 · 남자 클래식 피지크","남자 클래식 피지크 예선 라운드 동시 출전 최대 인원은?","최대 10명 ※남자 보디빌딩(8명)과 다름","최대 10명","최대 8명 / 최대 12명 / 최대 6명"
"보디빌딩 규정",58,"PART 5 · 남자 피지크","남자 피지크가 IFBB 공식 종목으로 인정받은 연도와 장소는?","2012년 11월 / 에콰도르 과야킬 IFBB 총회","2012년 / 에콰도르 과야킬","2010년 / 2018년 / 중국 상하이 / 스페인 베니돔"
"보디빌딩 규정",59,"PART 5 · 남자 피지크","남자 피지크 시니어 체급 6개를 말하시오.","Class A(170↓) / Class B(173↓) / Class C(176↓) / Class D(179↓) / Class E(182↓) / Class F(182↑)","Class A (170cm 이하) / Class B (173cm 이하) / Class C (176cm 이하) / Class D (179cm 이하) / Class E (182cm 이하) / Class F (182cm 초과)","Class A (168cm 이하) / Class B (175cm 이하) / Class G (185cm 초과)"
"보디빌딩 규정",60,"PART 5 · 남자 피지크","머스큘러 남자 피지크란 무엇인가?","2016년 도입 / 일반 피지크보다 근육이 약간 더 큰 선수 대상 / 수행·평가 규정은 남자 피지크와 동일","2016년 / 큰","2012년 / 2018년 / 작은 / 동일한"
"보디빌딩 규정",61,"PART 5 · 남자 피지크","남자 피지크 라운드 구성을 말하시오.","예선 라운드(쿼터턴) → 제1라운드(쿼터턴+비교심사) → 제2라운드(쿼터턴×2) ※제3라운드 없음","쿼터턴 / 비교심사 / 2","규정포즈 / 자유포즈 / 3 / 포즈다운"
"보디빌딩 규정",62,"PART 5 · 남자 피지크","남자 피지크 쿼터턴 4가지를 순서대로 말하시오.","① Quarter Turn Right ② Quarter Turn Back ③ Quarter Turn Right ④ Quarter Turn Front","Quarter Turn Right / Quarter Turn Back / Quarter Turn Right / Quarter Turn Front","Quarter Turn Left / Quarter Turn Front / Quarter Turn Back / Quarter Turn Right"
"보디빌딩 규정",63,"PART 5 · 남자 피지크","남자 피지크 복장 규정을 설명하시오.","루즈핏 보드 반바지 / 슬개골 위쪽까지 내려와야 함 / 라이크라 금지·패딩 금지, 제조사 로고만 허용","보드 반바지 / 슬개골","트렁크 / 체조용 반바지 / 발목 / 허벅지 중간"
"보디빌딩 규정",64,"PART 5 · 남자 피지크","남자 피지크 평가 기준 2가지를 말하시오.","① 근육질·신체 상태(균형·비율·형태) / ② 무대 연기·개성(자신감·표현력)","근육질 / 무대 연기","근육 크기 / 선명도 / 복장 / 포즈 정확도"
"보디빌딩 규정",65,"PART 5 · 남자 피지크","남자 피지크에서 반드시 감점 처리되는 신체 상태는?","극단적 근육질·건조함·낮은 체지방 / 깊은 근육 분리도·줄무늬 돋보이는 경우","극단적 근육질 / 근육 분리도","적절한 근육량 / 균형 잡힌 체격 / 높은 체지방 / 부드러운 라인"
"보디빌딩 규정",66,"PART 5 · 남자 피지크","남자 피지크 예선 라운드 옐로카드·레드카드 제도를 설명하시오.","쿼터턴 잘못 수행 시 옐로카드 경고 → 반복 시 레드카드 = X 1개 차감","옐로카드 / 레드카드","즉시 실격 / 경고 없음 / 블루카드 / 그린카드"
"보디빌딩 규정",67,"PART 5 · 남자 피지크","남자 피지크 오버롤 구성을 말하시오.","시니어 최대 6명 / 주니어 최대 5명 / 마스터 최대 3명 ※머스큘러 피지크 우승자는 시니어 오버롤 불참","6명 / 5명 / 3명","4명 / 7명 / 2명 / 8명"
"보디빌딩 규정",68,"PART 6 · 여자 피지크","여자 피지크가 IFBB 공식 종목으로 인정받은 연도와 장소는?","2012년 11월 11일 / 에콰도르 과야킬 IFBB 총회","2012년 / 에콰도르 과야킬","2002년 / 2013년 / 이집트 카이로 / 모로코 마라케시"
"보디빌딩 규정",69,"PART 6 · 여자 피지크","여자 보디빌딩이 여자 피지크로 대체된 연도와 장소는?","2013년 / 모로코 마라케시 IFBB 총회","2013년 / 모로코 마라케시","2012년 / 2010년 / 에콰도르 과야킬 / 스페인 베니돔"
"보디빌딩 규정",70,"PART 6 · 여자 피지크","여자 피지크 시니어 체급을 말하시오.","Class A (163cm 이하) / Class B (163cm 초과)","163cm 이하 / 163cm 초과","158cm 이하 / 160cm 이하 / 165cm 이하 / 163cm 미만"
"보디빌딩 규정",71,"PART 6 · 여자 피지크","여자 피지크 라운드 구성을 말하시오.","예선 라운드(규정포즈 4개) → 제1라운드(규정포즈+쿼터턴 비교심사) → 제2라운드(쿼터턴+규정포즈×2+포즈다운) → 제3라운드(자유포즈 60초)","4개 / 비교심사 / 포즈다운 / 60초","3개 / 5개 / 자유포즈 / 쿼터턴 / 30초 / 90초"
"보디빌딩 규정",72,"PART 6 · 여자 피지크","여자 피지크 예선 라운드 규정포즈 4개를 말하시오.","Front Double Biceps / Side Chest / Back Double Biceps / Side Triceps","Front Double Biceps / Side Chest / Back Double Biceps / Side Triceps","Front Lat Spread / Abdominals & Thighs / Vacuum Pose"
"보디빌딩 규정",73,"PART 6 · 여자 피지크","여자 피지크와 남자 클래식 피지크의 Front/Back Double Biceps 포즈 차이는?","여자: 주먹을 쥐지 않고 손가락이 하늘을 향함 / 남자 클래식: 주먹을 꽉 쥐고 아래를 향함","쥐지 않고 / 꽉 쥐고","살짝 쥐고 / 펴고 / 반쯤 쥐고"
"보디빌딩 규정",74,"PART 6 · 여자 피지크","여자 피지크 남자 피지크의 라운드 수 차이를 설명하시오.","여자 피지크 4개 라운드(예선·제1·제2·제3) / 남자 피지크 3개 라운드(제3라운드 없음)","4개 / 3개","2개 / 5개"
"보디빌딩 규정",75,"PART 6 · 여자 피지크","여자 피지크 복장 규정을 설명하시오.","품위 있는 비키니 / 하의 대둔근 1/2 이상·전면 전체 덮어야 함 / 신발 금지·끈 비키니 금지","품위 있는 비키니 / 1/2 / 신발 금지","트렁크 / 일반 비키니 / 1/3 / 전체 / 하이힐 허용"
"보디빌딩 규정",76,"PART 6 · 여자 피지크","여자 피지크에서 반드시 감점 처리되는 신체 상태는?","여자 보디빌딩 수준의 근육질·혈관 도드라짐 / 과도한 근육 선명도·지나친 저체지방 상태","보디빌딩 / 근육 선명도","피트니스 / 비키니 / 적절한 근육 / 부드러운 라인"
"보디빌딩 규정",77,"PART 6 · 여자 피지크","여자 피지크 최종 점수 계산 방식을 설명하시오.","최종 점수 = 제2라운드 하위점수×2 + 제3라운드 하위점수 / 낮은 점수가 1위","×2 / 낮은","×1 / ×3 / 높은 / 평균"
"보디빌딩 규정",78,"PART 7 · 여자 보디 피트니스","여자 보디 피트니스가 IFBB 공식 종목으로 인정받은 연도와 장소는?","2002년 10월 27일 / 이집트 카이로 IFBB 총회","2002년 10월 27일 / 이집트 카이로","2010년 / 2012년 / 아제르바이잔 바쿠 / 중국 상하이"
"보디빌딩 규정",79,"PART 7 · 여자 보디 피트니스","여자 보디 피트니스 시니어 체급 4개를 말하시오.","Class A (158cm 이하) / Class B (163cm 이하) / Class C (168cm 이하) / Class D (168cm 초과)","158cm / 163cm / 168cm 이하 / 168cm 초과","155cm / 160cm / 165cm / 170cm"
"보디빌딩 규정",80,"PART 7 · 여자 보디 피트니스","여자 보디 피트니스 라운드 구성을 말하시오.","예선 라운드(쿼터턴) → 제1라운드(쿼터턴+비교심사) → 제2라운드(아이워킹+쿼터턴×2) ※제3라운드 없음","쿼터턴 / 비교심사 / 아이워킹","규정포즈 / 자유포즈 / 포즈다운"
"보디빌딩 규정",81,"PART 7 · 여자 보디 피트니스","아이워킹(I-Walking)이란 무엇인가?","무대 중앙으로 걸어가 4가지 포즈 취한 후 무대 뒤 라인업으로 복귀하는 개인 프레젠테이션","4가지 / 라인업","3가지 / 5가지 / 심판석 / 무대 앞"
"보디빌딩 규정",82,"PART 7 · 여자 보디 피트니스","아이워킹 평가 기준을 설명하시오.","속도 / 동작의 우아함 / 몸짓·쇼맨십 / 개성·카리스마 / 무대 존재감·매력·자연스러운 리듬","속도 / 동작의 우아함 / 몸짓·쇼맨십 / 개성·카리스마 / 무대 존재감·매력·자연스러운 리듬","근육 선명도 / 체급별 체중 / 규정포즈 정확도"
"보디빌딩 규정",83,"PART 7 · 여자 보디 피트니스","여자 보디 피트니스 복장 규정을 설명하시오.","불투명한 일반 비키니 / 하의 대둔근 1/2 이상·전면 전체 / 하이힐(앞굽 최대 1cm·힐 최대 12cm)·플랫폼 금지","일반 비키니 / 1/2 / 12cm","끈 비키니 / 품위 있는 비키니 / 1/3 / 10cm / 15cm"
"보디빌딩 규정",84,"PART 7 · 여자 보디 피트니스","여자 보디 피트니스에서 반드시 감점 처리되는 신체 상태는?","여자 피지크 수준의 극단적 근육질·혈관 도드라짐 / 과도한 근육 선명도·깊은 근육 분리도 보이면 감점","피지크 / 근육 선명도","비키니 / 보디빌딩 / 적절한 근육 / 부드러운 라인"
"보디빌딩 규정",85,"PART 7 · 여자 보디 피트니스","여자 보디 피트니스와 여자 피지크의 복장 차이점은?","보디 피트니스: 하이힐 허용(앞굽 1cm·힐 12cm) / 여자 피지크: 신발 착용 금지","하이힐 허용 / 신발 금지","하이힐 금지 / 신발 허용 / 맨발 필수 / 굽 제한 없음"
"보디빌딩 규정",86,"PART 8 · 여자 비키니","여자 비키니가 IFBB 공식 종목으로 인정받은 연도와 장소는?","2010년 11월 7일 / 아제르바이잔 바쿠 IFBB 총회","2010년 11월 7일 / 아제르바이잔 바쿠","2012년 / 2002년 / 에콰도르 과야킬 / 중국 상하이"
"보디빌딩 규정",87,"PART 8 · 여자 비키니","여자 비키니 명칭이 변경된 연도와 이전 명칭은?","2021년 / 이전 명칭: 여자 비키니 피트니스에서 여자 비키니로 변경","2021년 / 여자 비키니 피트니스","2018년 / 2019년 / 여자 피트니스 / 여자 보디 비키니"
"보디빌딩 규정",88,"PART 8 · 여자 비키니","여자 비키니 시니어 체급 8개를 말하시오.","A(158↓) / B(160↓) / C(162↓) / D(164↓) / E(166↓) / F(169↓) / G(172↓) / H(172↑)","Class A (158cm 이하) / Class B (160cm 이하) / Class C (162cm 이하) / Class D (164cm 이하) / Class E (166cm 이하) / Class F (169cm 이하) / Class G (172cm 이하) / Class H (172cm 초과)","Class A (155cm 이하) / Class F (170cm 이하) / Class H (175cm 초과)"
"보디빌딩 규정",89,"PART 8 · 여자 비키니","여자 비키니 라운드 구성을 말하시오.","제1라운드(쿼터턴+비교심사) → 제2라운드(아이워킹+쿼터턴×2) ※예선 라운드 없음","비교심사 / 아이워킹","자유포즈 / 포즈다운 / 규정포즈"
"보디빌딩 규정",90,"PART 8 · 여자 비키니","여자 비키니 복장 규정을 설명하시오.","불투명한 일반 비키니 / 하의 대둔근 1/3 이상·전면 전체 / 하이힐(앞굽 최대 1cm·힐 최대 12cm)·플랫폼 금지","일반 비키니 / 1/3 / 12cm","끈 비키니 / 1/2 / 전체 / 10cm"
"보디빌딩 규정",91,"PART 8 · 여자 비키니","여자 비키니·보디 피트니스·피지크의 비키니 하의 대둔근 커버리지 차이는?","비키니: 1/3 이상 / 보디 피트니스·피지크: 1/2 이상","1/3 / 1/2","1/4 / 3/4 / 전체 / 2/3"
"보디빌딩 규정",92,"PART 8 · 여자 비키니","여자 비키니 평가 기준을 설명하시오.","보디 피트니스보다 더 부드럽고 매끄러운 모습 / 조화롭고 클래식한 여성 체격·자세·비율 평가","부드럽고 / 조화롭고","근육질이고 / 선명하고 / 극단적이고 / 각지고"
"보디빌딩 규정",93,"PART 8 · 여자 비키니","여자 비키니에서 반드시 감점 처리되는 신체 상태는?","극도의 근육질·혈관 도드라짐·근육 선명도 / 보디 피트니스 수준의 분리도·건조함·저체지방 보이면 감점","극도의 근육질 / 보디 피트니스","적절한 근육 / 균형 잡힌 체격 / 피지크 / 비키니"
"보디빌딩 규정",94,"PART 8 · 여자 비키니","여자 비키니 예선 라운드 레드카드의 효과는?","예선: X 1개 차감 / 제1라운드: 한 순위 강등 / 제2라운드: 하위점수에서 한 순위 강등","X 1개 차감 / 한 순위 강등","즉시 실격 / 경고만 / 두 순위 강등 / 점수 2배"
"보디빌딩 규정",95,"PART 9 · 별도 규정","경기인 등록 규정의 목적을 설명하시오.","선수·지도자·심판·선수관리담당자의 등록과 활동 기준·절차 정립 / 건전하고 효율적인 육성·우리나라 체육의 균형발전 도모","경기인 / 균형발전","선수 / 체육인 / 경기력 향상 / 국제 경쟁력"
"보디빌딩 규정",96,"PART 9 · 별도 규정","경기인이란 무엇인가?","선수·지도자·심판·선수관리담당자","선수 / 지도자 / 심판 / 선수관리담당자","코치 / 감독 / 운영요원 / 행정직원"
"보디빌딩 규정",97,"PART 9 · 별도 규정","경기인 등록 목적에 따른 구분을 설명하시오.","육성 목적(15세 이하): 12세 이하부·15세 이하부 / 전문체육 목적(16세 이상): 18세 이하부·대학부·일반부 / 생활체육 목적(16세 이상): 18세 이하부·대학부·일반부","15세 이하 / 16세 이상","12세 이하 / 18세 이하 / 13세 이상 / 20세 이상"
"보디빌딩 규정",98,"PART 9 · 별도 규정","경기인 등록 기간을 설명하시오.","전문체육 기존 선수: 매년 4월 10일 이전 / 추가 등록: 7월 10일~30일 / 생활체육·신규선수·지도자·심판: 상시 등록","4월 10일 / 7월 10일~30일 / 상시 등록","1월 10일 / 5월 1일~31일 / 8월 1일~30일 / 수시 불가"
"보디빌딩 규정",99,"PART 9 · 별도 규정","경기인 등록 절차를 설명하시오.","신청서·동의서 제출 → 시·도지부 결격사유 심사·협회 승인요청(15일 이내) → 협회 승인(승인요청일로부터 15일 이내) / 결격사유 시 승인거부 후 통보","승인요청 / 15일","즉시 승인 / 자동 등록 / 7일 / 30일"
"보디빌딩 규정",100,"PART 9 · 별도 규정","선수 등록 결격사유를 설명하시오.","관계단체 제명 징계 / 자격정지 미종료 / 성폭력 퇴학 후 10년 미경과 / 학교폭력 퇴학 후 5년 미경과 / 승부조작 유죄 / 관계단체 해임 후 10년 미경과","관계단체로부터 제명 징계를 받은 자 / 자격정지 징계를 받고 처분이 종료되지 않은 자 / 성폭력죄로 퇴학처분 후 10년이 지나지 않은 자 / 학교폭력으로 퇴학 조치 후 5년이 지나지 않은 자 / 승부조작으로 유죄 판결된 자 / 관계단체로부터 해임 후 10년이 지나지 않은 자","도핑 양성 반응 후 2년 이내인 자 / 연령 미달인 자 / 외국 국적 보유자"
"보디빌딩 규정",101,"PART 9 · 별도 규정","지도자·심판·선수관리담당자 등록 결격사유를 설명하시오.","피성년후견인 / 선고유예 기간 중 / 집행유예 종료 후 2년 미경과 / 성폭력 벌금 후 3년 미경과 / 미성년자 성폭력 파면·해임 / 선수 폭행 금고 이상 10년 이내 / 자격정지 미종료","피성년후견인 / 금고 이상의 형 선고유예 기간 중인 자 / 집행유예 종료 후 2년이 지나지 않은 자 / 성폭력 범죄로 100만원 이상 벌금형 후 3년이 지나지 않은 자 / 미성년자 대상 성폭력으로 파면·해임된 자 / 선수 대상 상해·폭행으로 금고 이상 형 후 집행유예 면제 10년 이내인 자 / 자격정지 이상 징계 처분이 종료되지 않은 자","도핑 양성 후 3년 이내 / 연령 60세 초과 / 외국 국적 보유자"
"보디빌딩 규정",102,"PART 9 · 별도 규정","경기인 등록이 취소·해지되는 사유를 설명하시오.","스포츠공정위원회 규정에 따라 해임·자격정지 징계를 받은 경우 / 경기인 본인이 등록 취소 요청한 경우","스포츠공정위원회 / 본인","심판위원회 / 협회장 / 타인 / 지도자"
"보디빌딩 규정",103,"PART 9 · 별도 규정","폭력 행위 및 성폭력에 대한 징계 기준을 설명하시오.","지도자 폭력: 1차 5년↑ / 2차 10년↑ / 3차 영구제명 / 선수 폭력: 1차 3년↑ / 2차 5년↑ / 3차 영구제명 / 성폭력 범죄: 선수·지도자 1차 영구제명","5년↑ / 3년↑ / 영구제명","1년↑ / 2년↑ / 10년↑ / 자격정지"
"보디빌딩 규정",104,"PART 9 · 별도 규정","경기인으로 등록할 때 필요한 교육을 말하시오.","성폭력 등 폭력 예방교육 / 도핑방지 교육","폭력 예방교육 / 도핑방지 교육","응급처치 교육 / 인성 교육 / 리더십 교육 / 심판 교육"
"보디빌딩 규정",105,"PART 9 · 별도 규정","보디빌딩 지도자 이수 교육 5가지를 말하시오.","성폭력 등 폭력 예방교육 / 도핑방지 교육 / 리더십 교육 / 응급처치 교육 / 인성 교육","성폭력 등 폭력 예방교육 / 도핑방지 교육 / 리더십 교육 / 응급처치 교육 / 인성 교육","경기 규칙 교육 / 재정 관리 교육 / 미디어 교육"
"보디빌딩 규정",106,"PART 9 · 별도 규정","경기인 등록 규정 위반에 대한 조치를 설명하시오.","1년 이상 5년 이하 등록 금지 조치","1년 이상 5년 이하","6개월 이상 3년 이하 / 즉시 영구제명 / 경고 후 재등록"
"보디빌딩 규정",107,"PART 9 · 별도 규정","심판위원회 설치 목적을 설명하시오.","스포츠 기본정신과 책임감을 갖고 심판의 독립성·자율성·역할·임무·의무 자문하여 공정성 향상","독립성·자율성 / 공정성","경기력 / 수익성 / 선수 권익 / 경기 규칙"
"보디빌딩 규정",108,"PART 9 · 별도 규정","심판의 등급과 심사 범위를 설명하시오.","국제심판(A·B·C급): 국제대회·전국규모 심사 가능 / 국내 1급: 전국규모·지역규모 심사 가능 / 국내 2급: 지역규모 심사만 가능","국제대회 / 전국규모 / 지역규모","세계대회 / 광역규모 / 시·군규모 / 동호인대회"
"보디빌딩 규정",109,"PART 9 · 별도 규정","국내 2급 심판 자격 요건을 말하시오.","보디빌딩 분야 상당한 경력·대회 운영요원 활동 + 시·도지부 또는 협회 추천","상당한 경력 / 추천","신규 입문 / 이론시험 합격 / 자동 승급 / 협회장 단독 지명"
"보디빌딩 규정",110,"PART 9 · 별도 규정","국내 1급 심판 자격 요건을 말하시오.","2급 취득 후 2년·시·도지부 대회 2회 이상 참가·시·도지부 추천 / 예외: 미스터&미즈 코리아 대상·국가대표 국제대회 금메달·협회 이사","2년 / 2회 이상","1년 / 3년 / 1회 이상 / 5회 이상"
"보디빌딩 규정",111,"PART 9 · 별도 규정","국제심판 자격 요건을 설명하시오.","1급 취득 후 3년+전국규모 5회+추천 / 1급 취득 후 3년+전국2회+시도5회+추천 / 1급 취득 후 3년+심판위원회 추천 / 1급 보유+협회장 추천","1급 취득 후 3년 + 전국규모 5회 이상 + 시·도지부 추천 / 1급 취득 후 3년 + 전국규모 2회 이상 + 시·도지부 대회 5회 이상 + 추천 / 1급 취득 후 3년 + 심판위원회 추천 / 1급 자격 보유 + 협회장 추천","1급 취득 후 1년 + 지역대회 3회 / 2급 취득 후 5년 + 전국대회 10회 / 이론시험 합격 후 자동 취득"
"보디빌딩 규정",112,"PART 9 · 별도 규정","심판 자격 유지 및 부활 방법을 설명하시오.","유지: 4년에 1회 재교육 / 미이수로 상실: 강습비 납부+재교육 후 동일 자격 부활 / 징계로 정지: 해제 후 3년 경과+재교육 → 2급 자격 부활","4년 / 동일 자격 / 3년","2년 / 매년 / 하위 자격 / 1년"
"보디빌딩 규정",113,"PART 9 · 별도 규정","심판원의 주의사항을 설명하시오.","다른 심판원과 담화 금지 / 결정에 의도적 영향 금지 / 사진 촬영 금지 / 선수 지도 금지 / 알코올 음료 금지 / 선수로 참가 불가","다른 심판원과 담화 금지 / 다른 심판원의 결정에 의도적 영향 금지 / 심사 중 사진 촬영 금지 / 참가 선수에게 지도 금지 / 심사 중 알코올 음료 금지 / 선수로 참가 불가","채점지 공개 금지 / 심판석 착석 의무 / 국기 게양 금지"
"도핑",1,"PART 1 · 도핑 기본 개념","도핑이란 무엇인가?","경기력 향상 목적으로 금지약물 섭취·특수 의학적 처치 / 고의성 여부와 무관하게 성립·WADA 엄격한 책임 원칙","경기력 향상 목적으로 금지약물 섭취·특수 의학적 처치 / 고의성 여부와 무관하게 성립·WADA 엄격한 책임 원칙","의도적 부상 유발 행위 / 불법 보충제 구매 행위 / 경기 규칙 위반 행위"
"도핑",2,"PART 1 · 도핑 기본 개념","IOC가 도핑을 금지하는 윤리적 이유를 설명하시오.","올림픽 기본 정신 위배 / 약물 미복용 선수에게 불리한 결과를 가져다주기 때문","올림픽 기본 정신 위배 / 약물 미복용 선수에게 불리한 결과","선수 건강 보호를 위해 / 경기 시간 단축을 위해 / 관중 유입을 위해"
"도핑",3,"PART 1 · 도핑 기본 개념","도핑방지규정의 기본 원리를 설명하시오.","스포츠의 본질적 가치 보전 / 스포츠 정신의 가치 수호(윤리·페어플레이·정직·건강 등)","스포츠의 본질적 가치 보전 / 스포츠 정신의 가치 수호(윤리·페어플레이·정직·건강 등)","선수 체력 증진 목적 / 경기 수익 극대화 목적 / 국가 위상 제고 목적"
"도핑",4,"PART 2 · 금지약물 및 금지방법","금지약물 선정 기준을 말하시오.","WADA에서 매년 정기 개정 / 다음 기준 중 2개 이상 해당 시 금지: 경기력 향상 가능성·건강 위험·스포츠 정신 위배","WADA에서 매년 정기 개정 / 다음 기준 중 2개 이상 해당 시 금지: 경기력 향상·건강 위험·스포츠 정신 위배","IOC에서 5년마다 개정 / 3개 기준 모두 해당 시 금지 / IFBB에서 매년 개정 / 1개 기준 해당 시 금지 / KADA에서 개정 / 2개 이상 기준 해당 시 금지"
"도핑",5,"PART 2 · 금지약물 및 금지방법","주요 금지약물과 부작용을 3가지 이상 말하시오.","아나볼릭 스테로이드·성장호르몬·EPO·이뇨제·흥분제·베타차단제·마약·카나비노이드","아나볼릭 스테로이드(동화작용제): 간질환·심장마비·성기능 장애·고혈압 / 성장호르몬(펩티드호르몬): 신체 기형화·당뇨·관절 약화·심장질환 / EPO(에리스로포이에틴): 고혈압·뇌졸중·혈관폐색 / 이뇨제: 심각한 저혈압·탈수·실신·근육경련 / 흥분제: 심장마비·불면증·뇌졸중 / 베타차단제: 기관지 발작·저혈압·수면장애·성기능 장애 / 마약: 환각·정신착란·중독 / 카나비노이드: 호흡장애·인지장애·정신장애","비타민C: 신장 결석 / 카페인: 심박수 감소 / 크레아틴: 근손실"
"도핑",6,"PART 2 · 금지약물 및 금지방법","금지방법 3가지를 말하시오.","① 혈액 및 혈액성분의 조작 / ② 화학적·물리적 조작 / ③ 유전자 및 세포 도핑","혈액 및 혈액성분의 조작 / 화학적·물리적 조작 / 유전자 및 세포 도핑","경기 전 수분 제한 / 산소마스크 훈련 / 고압산소 치료 / 전기자극 훈련 / 혈액희석 / 성장호르몬 주사 / 혈액형 조작 / 신체 절단 / 호르몬 차단"
"도핑",7,"PART 2 · 금지약물 및 금지방법","보충제를 약국에서 처방 없이 구입한 경우 스포츠에서 사용할 수 있는가?","사용할 수 없음 / 성분 중 금지약물 포함 가능·본인이 위험 감수 / 치료 목적이라면 TUE 승인 후 사용","사용할 수 없음 / 성분 중 금지약물 포함 가능·본인이 위험 감수 / 치료 목적이라면 TUE 승인 후 사용","처방 없이도 사용 가능 / 의사 소견서 있으면 허용 / 보충제는 도핑 대상 아님"
"도핑",8,"PART 3 · 도핑방지규정 위반","도핑방지규정 위반 구성 요소를 3가지 이상 말하시오.","시료 내 금지약물 존재 / 사용·시도 / 채취 회피·거부 / 소재지 불이행 / 부정행위 / 소지 / 부정 거래 / 투여·시도 / 공모·제보 제지·보복","시료 내 금지약물·대사물질·표지자 존재 / 금지약물·금지방법 사용 또는 시도 / 시료 채취 제공 회피·거부·실패 / 소재지 정보 불이행(12개월 내 검사불이행·제출불이행 합산 3회) / 도핑 관리 과정 중 부정행위 및 시도 / 금지약물·금지방법 소지 / 금지약물·금지방법 부정 거래 또는 시도 / 경기기간 외 선수에게 금지약물·금지방법 투여 또는 시도 / 공모·금지된 연루·제보 제지·보복","경기 중 불법 영상 촬영 / 계체 체중 조작 / 경기 규칙 위반"
"도핑",9,"PART 3 · 도핑방지규정 위반","의도하지 않은 도핑에 대해 설명하시오.","부주의·실수로 금지약물 섭취 후 검출 / 고의성 무관하게 규정 위반 성립·선수 책임 / 과실 없음 입증 시에만 예외적 감경·면제 가능","부주의·실수로 금지약물 섭취 후 검출 / 고의성 무관하게 규정 위반 성립·선수 책임 / 과실 없음 입증 시에만 예외적 감경·면제 가능","의도 없으면 면책 가능 / 보충제 섭취는 예외 인정 / 병원 처방이면 책임 없음"
"도핑",10,"PART 3 · 도핑방지규정 위반","아플 때 복용한 약물에 대해 면책받을 수 있는가?","면책받을 수 없음 / 금지약물 미포함 확인 전 어떤 약품도 복용 불가 / 양성 결과 시 이유 무관하게 도핑 처리","면책받을 수 없음 / 금지약물 미포함 확인 전 어떤 약품도 복용 불가 / 양성 결과 시 이유 무관하게 도핑 처리","의사 처방이면 면책 가능 / 부작용 증명 시 면책 가능 / 첫 위반이면 경고로 처리"
"도핑",11,"PART 3 · 도핑방지규정 위반","금지약물 복용의 책임은 누가 지는가?","선수가 사용한 모든 물질에 대해 선수가 책임 / 병원·약국 처방 시에도 선수임을 밝히고 금지약물 제외 처방받아야 / 처방약 투여 결과도 선수 책임","선수가 사용한 모든 물질에 대해 선수가 책임 / 병원·약국 처방 시에도 선수임을 밝히고 금지약물 제외 처방받아야","지도자가 책임 / 팀 닥터가 책임 / 처방 의사가 책임"
"도핑",12,"PART 4 · 도핑 검사","도핑 검사 대상을 설명하시오.","선수 활동을 목적으로 협회에 전문 선수로 등록된 사람","선수 활동을 목적으로 협회에 전문 선수로 등록된 사람","모든 스포츠 관계자 / 전문 선수 및 생활체육 선수 / 지도자·심판 포함 모든 경기인"
"도핑",13,"PART 4 · 도핑 검사","도핑 검사의 종류를 설명하시오.","검사기간: 경기기간 중·경기기간 외 / 검사방법: 소변검사·혈액검사","검사기간: 경기기간 중·경기기간 외 / 검사방법: 소변검사·혈액검사","무작위·표적·편중 3가지만 / 경기 전·경기 중·경기 후 3가지 / 소변검사·혈액검사·모발검사 3가지"
"도핑",14,"PART 4 · 도핑 검사","경기기간 중 도핑검사란 언제부터 언제까지인가?","경기 전날 오후 11:59부터 해당 경기 관련 시료채취 끝나는 시점까지","경기 전날 오후 11:59부터 / 해당 경기 관련 시료채취 끝나는 시점까지","경기 당일 오전 0시부터 경기 종료까지 / 경기 2일 전부터 시상식 종료까지 / 경기 당일 입장부터 퇴장까지"
"도핑",15,"PART 4 · 도핑 검사","경기기간 외 도핑검사를 설명하시오.","경기기간 외 불시에 사전 미통보로 실시 / 자택·훈련장소·직장 등 어디서든 가능","경기기간 외 불시에 사전 미통보로 실시 / 자택·훈련장소·직장 등 어디서든 가능","경기 후 72시간 이내에만 실시 / 사전 통보 후 실시 / 훈련장에서만 실시"
"도핑",16,"PART 4 · 도핑 검사","도핑 검사 미통보 원칙을 말하시오.","사전 통보 없이 불시에 진행 / 선수가 있는 곳 어디든 검사 장소 가능 / 경기기간 중·외 모두 해당","사전 통보 없이 불시에 진행 / 선수가 있는 곳 어디든 검사 장소 가능","48시간 전 통보 후 진행 / 훈련장에서만 불시 가능 / 경기 당일만 미통보 원칙 적용"
"도핑",17,"PART 4 · 도핑 검사","도핑 검사 절차를 설명하시오.","도핑검사 계획 → 검사관 배정 → 대상자 선정 → 선수 통지 및 동반 → 시료 채취(소변 최소 90ml) → A병·B병 나눠 담기 → 봉인 → 비중 측정 → 검사서 작성 → WADA 인증 시험실 분석 → 결과 관리 → 장기 보관","도핑검사 계획 → 검사관 배정 → 대상자 선정 → 선수 통지 및 동반 / 시료 채취(소변 최소 90ml) → A병·B병 나눠 담기 → 봉인 → 비중 측정 → 검사서 작성 → WADA 인증 시험실 분석 → 결과 관리 → 장기 보관","선수 자진 신고 → 검사관 배정 → 시료 제공 / 무작위 선정 → 24시간 내 시료 제공 → 즉시 분석 / 혈액만 채취 → 즉시 분석 → 결과 통보"
"도핑",18,"PART 4 · 도핑 검사","선수가 도핑 검사 시 가지는 의무와 책임을 말하시오.","검사관 직접 감시 하에 대기 / 동성 검사관 감시 하 시료 제공 / 신분증 제시·본인 확인 / 즉시 도핑 관리실 도착 / 거부 시 규정 위반","도핑 관리실 도착 시까지 검사관의 직접 감시 하에 머물러야 함 / 시료 제공 시 동성의 도핑검사관에 의해 감시됨 / 신분증 제시 및 본인 확인 / 합당한 사유 없이 즉시 도핑 관리실 도착 / 도핑검사 거부·비준수 시 규정 위반으로 간주","검사관 선택 권한 있음 / 시료 채취 장소 선택 가능 / 24시간 이내 제공 허용"
"도핑",19,"PART 4 · 도핑 검사","도핑검사를 거부할 수 있는가? 소변검사를 혈액검사로 대체할 수 있는가?","검사 거부 불가·양성 반응과 동일하게 취급 / 혈액검사로 대체 불가·분석 목적이 다름·소변 부족 시 제공분 봉인 후 추가 제공","검사 거부 불가·양성 반응과 동일하게 취급 / 혈액검사로 대체 불가·분석 목적이 다름·소변 부족 시 제공분 봉인 후 추가 제공","긴급 시 거부 가능 / 혈액검사로 대체 가능 / 의사 소견서 제출 시 면제 / 양쪽 모두 동일 효력 / 경고 후 재검사 가능 / 혈액검사 병행 허용"
"도핑",20,"PART 5 · 소재지 정보","소재지 정보란 무엇이며 포함 내용을 설명하시오.","KADA가 선수의 정확한 위치 파악을 위해 관리하는 정보 / 포함: 거주지·훈련 일정·정기 활동·검사 가능한 특정 60분과 그 장소 / 변경 시 즉시 업데이트","KADA가 선수의 정확한 위치 파악을 위해 관리하는 정보 / 거주지·훈련 일정·정기 활동·검사 가능한 특정 60분과 그 장소","선수의 식단과 보충제 목록 / 경기 일정과 체급 정보 / 소속 팀과 지도자 연락처"
"도핑",21,"PART 6 · 치료목적사용면책(TUE)","치료목적사용면책(TUE)이란 무엇인가?","질병 치료·부상 회복 위해 금지약물 사용이 필요한 경우 치료목적사용면책 국제표준에 따라 심사 후 사전 승인하는 제도","질병 치료·부상 회복 위해 금지약물 사용이 필요한 경우 / 치료목적사용면책 국제표준에 따라 심사 후 사전 승인하는 제도","도핑 면제 자동 신청 제도 / 경기 중 부상 치료 허가 제도 / 의사 처방 시 자동 면제 제도"
"도핑",22,"PART 6 · 치료목적사용면책(TUE)","TUE 승인 기관을 말하시오.","치료목적사용면책위원회(TUEC) / 스포츠 의학 전문 의사들로 구성 / KADA와 무관하게 독립적으로 결정","치료목적사용면책위원회(TUEC) / KADA와 무관하게 독립적으로 결정","WADA에서 직접 결정 / IFBB 의무위원회 / KADA에서 결정"
"도핑",23,"PART 6 · 치료목적사용면책(TUE)","TUE 신청 및 처리 절차를 설명하시오.","금지약물 여부 확인 → 신청서·진단서·검사결과서 제출 → TUEC에서 치료목적사용면책 국제표준 기준에 따라 승인 여부 결정 / 경기 예정일 30일 전 신청 권장","금지약물 여부 확인 → 신청서·진단서·검사결과서 제출 / TUEC에서 치료목적사용면책 국제표준 기준에 따라 승인 여부 결정","의사 처방전 제출 → 협회 자동 승인 / 선수 자진 신고 → WADA 심사 / 신청서만 제출 → 30일 내 자동 승인"
"도핑",24,"PART 6 · 치료목적사용면책(TUE)","TUE 승인 기준 4가지를 말하시오.","①금지약물 미사용 시 건강 심각 손상 / ②치료 후 정상 건강 상태 이상의 경기력 향상 없음 / ③다른 적절한 대체 치료 없음 / ④이전 도핑 사용에 기인하지 않음","①금지약물 미사용 시 건강 심각 손상 / ②치료 후 정상 건강 상태 이상의 경기력 향상 없음 / ③다른 적절한 대체 치료 없음 / ④이전 도핑 사용에 기인하지 않음","3가지 기준만 충족하면 됨 / 의사 소견서 1장으로 자동 승인 / 금지약물 종류와 무관하게 승인 가능"
"도핑",25,"PART 6 · 치료목적사용면책(TUE)","TUE 면책 시 제출해야 하는 서류 4가지를 말하시오.","진단서 / 처방전 / 각종 의료자료 / TUE 신청서","진단서 / 처방전 / 각종 의료자료 / TUE 신청서","훈련 일지·식단표·체중 기록지 / 국가대표 추천서·협회장 확인서 / 도핑검사 결과서·이전 TUE 기록"
"도핑",26,"PART 6 · 치료목적사용면책(TUE)","TUE 면책 후 인정받는 방법을 말하시오.","도핑검사 시 복용 약물 기재 / TUE 승인 여부 명시 / 도핑검사관에게 TUE 판정서 제시","도핑검사 시 복용 약물 기재 / TUE 승인 여부 명시 / 도핑검사관에게 TUE 판정서 제시","검사 면제 신청서 제출 / 구두로 설명 후 기록 / 지도자가 대신 서류 제출"
"도핑",27,"PART 6 · 치료목적사용면책(TUE)","사후 TUE 신청이 가능한 경우를 말하시오.","응급·긴급 치료 상태 / 사전 신청 어려운 합리적 사유 / 경기기간 외 사용 후 비정상 분석 결과 통지","응급 또는 긴급한 치료가 요구되는 의료적 상태인 경우 / 사전 신청이 어려운 합리적 사유가 있는 경우 / ""경기기간 중 금지약물""을 경기기간 외에 치료 목적으로 사용 후 도핑검사에서 비정상 분석 결과를 통지받은 경우","평소에 복용하던 약이라 사전 신청을 잊은 경우 / 경기 성적이 중요해 신청할 시간이 없던 경우 / 지도자가 허가했다고 판단한 경우"
"도핑",28,"PART 7 · 도핑 위반 제재","도핑 위반 시 선수의 자격정지 기간을 설명하시오.","최소 3개월~최대 영구제명 / 규정 위반 유형·약물 유형·정황·횟수에 따라 결정","최소 3개월~최대 영구제명 / 규정 위반 유형·약물 유형·정황·횟수에 따라 결정","무조건 2년 자격정지 / 1차 경고·2차 1년·3차 영구제명 / 과징금 납부 시 자격정지 면제"
"도핑",29,"PART 7 · 도핑 위반 제재","도핑 위반 선수 과징금을 설명하시오.","일반부: 1차 400만원·2차 1,000만원·3차 1,500만원 / 학생부: 1차 200만원·2차 500만원·3차 1,500만원 / 전국체육대회: 1차 1,000만원·3차 2,500만원","일반부: 1차 400만원·2차 1,000만원·3차 1,500만원 / 학생부: 1차 200만원·2차 500만원·3차 1,500만원 / 전국체육대회: 1차 1,000만원·3차 2,500만원","일반부 1차 200만원 / 학생부 1차 400만원 / 일반부·학생부 동일 기준 / 전국체육대회 1차 500만원"
"도핑",30,"PART 7 · 도핑 위반 제재","도핑 위반 코치·감독 과징금과 제재를 설명하시오.","코치: 1차 200만원+자격정지·2차 400만원+자격정지·3차 퇴출 / 감독: 1차 400만원+자격정지·2차 800만원+자격정지·3차 퇴출","코치: 1차 200만원+자격정지·2차 400만원+자격정지·3차 퇴출 / 감독: 1차 400만원+자격정지·2차 800만원+자격정지·3차 퇴출","코치·감독 동일 기준 / 1차 300만원 / 코치 1차 400만원 / 감독 1차 200만원 / 코치·감독 모두 3차 영구제명"
"도핑",31,"PART 7 · 도핑 위반 제재","도핑 위반 시 시·도지부에 부과되는 제재를 설명하시오.","위반 선수 1명당 과징금 300만원 + 관련 임원 자격정지","위반 선수 1명당 과징금 300만원 / 관련 임원 자격정지","시·도지부 500만원 고정 / 위반 선수 수와 무관하게 일괄 1,000만원 / 임원 제재 없음"
"도핑",32,"PART 7 · 도핑 위반 제재","자격정지 시작 기간과 종료 후 재등록 규정을 설명하시오.","KADA에서 자격정지 부과된 날로부터 기산 / 재등록: 복귀 조건(검사·교육·과징금 납부) 충족 위해 해당 연도 선수 등록 필요","KADA에서 자격정지 부과된 날로부터 기산 / 재등록: 복귀 조건(검사·교육·과징금 납부) 충족 위해 해당 연도 선수 등록 필요","판결 확정일로부터 기산 / 자동 복귀 / 경기 참가 시작일로부터 기산 / 별도 등록 불필요 / 징계 통보일로부터 기산 / 다음 시즌 자동 복귀"
"도핑",33,"PART 8 · 선수지원요원","선수지원요원의 도핑방지 역할과 책임을 설명하시오.","도핑방지 정책 숙지·준수 / 선수 검사 협조 / 선수 가치관 지도 / 조사 기구 협력 / 금지약물·금지방법 사용·소지 불가 / 위반 이력 공개","도핑방지 정책·규정 숙지 및 준수 / 선수 검사 프로그램에 협조 / 선수가 도핑방지에 대한 바람직한 가치관·태도를 형성하도록 지도 / 도핑방지 규정 위반을 조사하는 기구에 협력 / 정당한 사유 없이 금지약물·금지방법 사용·소지 불가 / 과거 10년 내 도핑방지 규정 위반 이력 있을 경우 국제경기연맹 및 도핑방지위원회에 공개","선수 대신 시료 제공 가능 / 도핑 검사 일정 선수에게 사전 통보 / 금지약물 처방 권한 보유"
"응급처치",1,"PART 1 · 응급처치 기본 개념 (기출)","응급처치란 갑자기 발생한 사고나 질환에 대해 현장에서 ___ 행하는 긴급 처치 행위로, 의료기관 치료를 받기 전 또는 응급구조원이 도착하기 전까지 시행한다.","급하게","급하게","천천히 / 전문적으로 / 계획적으로"
"응급처치",2,"PART 1 · 응급처치 기본 개념","응급처치의 중요성 4가지를 말하시오.","환자의 생명을 구하고 현 상태를 유지 / 상태의 악화를 방지하고 고통을 경감 / 치료·입원 기간 단축 / 의료비 지출 감소","환자의 생명을 구하고 현 상태를 유지 / 상태의 악화를 방지하고 고통을 경감 / 치료 기간과 입원 기간을 단축 / 의료비 지출 감소","환자의 체력을 증진 / 약물 투여로 통증 제거 / 수술 대신 처치로 완치"
"응급처치",3,"PART 1 · 응급처치 기본 개념 (기출)","응급처치 3C는 Check(___), Call(___), Care(___)이다.","Check(확인) / Call(전화·신고) / Care(처치)","확인 / 전화(신고) / 처치","통제 / 협력 / 압박 / 청소 / 운반"
"응급처치",4,"PART 1 · 응급처치 기본 개념 (기출)","응급처치 유형 3가지는 ___, ___, ___이다.","하임리히법 / 심폐소생술(CPR) / PRICE","하임리히법 / 심폐소생술(CPR) / PRICE","붕대감기 / 산소투여 / 수액공급"
"응급처치",5,"PART 1 · 응급처치 기본 개념","응급처치 시 지켜야 할 사항을 말하시오.","처치자 안전 확보 / 중증 환자 우선 / 생사 판단 금지 / 의약품·민간 요법 금지 / 전문 의료 요원에게 인계","처치자의 안전을 먼저 확보 / 침착하게 중증 환자부터 우선 처치 / 생사에 대한 판단은 하지 않음 / 의약품 및 검증되지 않은 민간 요법 사용 금지 / 전문 의료 요원의 처치에 맡김","화상 부위 옷 즉시 제거 / 빠른 처치를 위해 혼자 판단·시행 / 환자 이동을 최우선으로 진행"
"응급처치",6,"PART 1 · 응급처치 기본 개념","응급처치가 필요한 이유: 뇌는 혈액 공급이 ___분만 중단돼도 영구적으로 손상될 수 있다.","4~5","4~5","1~2 / 10~15 / 30"
"응급처치",7,"PART 2 · CPR·CPCR (기출)","심폐소생술(CPR)이란 심장박동과 호흡이 없는 환자에게 ___ 순환과 ___ 환기를 시행하여 뇌 손상을 지연시키고 심장 회복을 돕는 처치이다.","혈액 / 폐","혈액 / 폐","산소 / 기도 / 림프 / 혈압"
"응급처치",8,"PART 2 · CPR·CPCR (기출)","CPR을 즉시 시행하면 생존 확률이 ___ 배 이상 증가한다.","3","3","2 / 5 / 10"
"응급처치",9,"PART 2 · CPR·CPCR (기출)","CPR 순서: ①의식 확인 → ②___ 신고 → ③호흡 확인(___ 초) → ④흉부 압박 ___회 → ⑤인공호흡 ___회 → 반복","119 / 5~10초 / 30회 / 2회","119 / 5~10 / 30 / 2","112 / 3~5초 / 10~15초 / 20회 / 1회 / 15회"
"응급처치",10,"PART 2 · CPR·CPCR (기출)","흉부 압박 위치는 흉골 ___ 1/2 지점, 깊이는 최소 ___cm·최대 ___cm, 속도는 분당 ___회이다.","아래 / 5cm / 6cm / 100~120회","아래 / 5 / 6 / 100~120","위 / 중간 / 3 / 4 / 7 / 60~80 / 80~100 / 120~140"
"응급처치",11,"PART 2 · CPR·CPCR","흉부 압박과 이완 비율은 ___:___, 압박과 인공호흡 비율은 ___:___이다.","50:50 / 30:2","50 / 50 / 30 / 2","70 / 60 / 40 / 15 / 1 / 3"
"응급처치",12,"PART 2 · CPR·CPCR (기출)","CPR 시 가슴을 깊게 압박하는 이유: 심장의 혈액을 ___ 신체 말단부까지 혈액을 공급하기 위함이다.","짜내어","짜내어","채워 / 압박하여 / 순환시켜"
"응급처치",13,"PART 2 · CPR·CPCR (기출)","가슴 이완을 확인해야 하는 이유: 가슴이 이완되어야 심장에 충분한 ___ 이 공급되며, 이를 통해 흉부 압박 시 신체에 많은 혈액을 ___ 할 수 있기 때문이다.","혈액 / 순환","혈액 / 순환","산소 / 혈압 / 공급 / 이완"
"응급처치",14,"PART 2 · CPR·CPCR (기출)","가슴압박 CPR보다 표준 CPR을 하는 이유: 인공호흡을 통해 환자에게 부족한 ___를 공급하기 위함이다. 특히 ___, ___ 등 비심장성 심정지에 권장한다.","산소 / 익수 / 질식","산소 / 익수 / 질식","혈액 / 이산화탄소 / 골절 / 출혈 / 화상 / 호흡"
"응급처치",15,"PART 2 · CPR·CPCR (기출)","CPR을 중단해도 되는 경우를 말하시오.","응급의료종사자 인계 / 자발순환 회복 / 구조자 탈진·위험 / CPR 유보 조건 확인 / 현장 안전 불가","응급의료종사자에게 치료 인계한 경우 / 환자의 자발순환 회복이 확인된 경우 / 구조자가 지치거나 위험한 상황에 빠진 경우 / CPR 시행 중 유보 조건이 확인된 경우 / 현장이 안전하지 않은 경우","환자 가족이 요청한 경우 / AED가 없는 경우 / 10분 이상 경과한 경우"
"응급처치",16,"PART 2 · CPR·CPCR (기출)","심폐뇌소생술(CPCR)은 심장·폐뿐만 아니라 ___ 손상 최소화까지 목적으로 하며, ___ 의료인이 시행하는 의료적 소생술이다.","뇌 / 전문","뇌 / 전문","신장 / 간 / 일반 / 보조"
"응급처치",17,"PART 2 · CPR·CPCR","심장의 역할은 ___ 작용으로 뇌와 체내에 혈액을 공급하는 것이다. 심정지 시 심장이 이 역할을 못하므로 ___ 압박으로 혈액을 공급한다.","펌프 / 가슴","펌프 / 가슴","필터 / 밸브 / 등 / 복부"
"응급처치",18,"PART 3 · AED (기출)","AED란 환자의 ___ 를 자동으로 분석하여 ___ 필요 여부를 구분하고, 전기 충격으로 세동을 제거해 심장이 규칙적으로 뛰도록 유도하는 장비이다.","심전도 / 제세동","심전도 / 제세동","혈압 / 수혈 / 맥박 / 산소공급"
"응급처치",19,"PART 3 · AED (기출)","AED 켜기 전 실시해야 할 3가지는 ① ___ 확인, ② ___ 신고, ③ AED 사용 가능 상황 확인이다.","의식 / 119","의식 / 119","호흡 / 맥박 / 112"
"응급처치",20,"PART 3 · AED (기출)","AED 패드 부착 위치: 오른쪽 패드는 오른쪽 ___ 아래, 왼쪽 패드는 왼쪽 ___ 아래 중간 겨드랑이선이다.","쇄골(빗장뼈) / 젖꼭지","쇄골(빗장뼈) / 젖꼭지","겨드랑이 / 명치 / 어깨 / 갈비뼈"
"응급처치",21,"PART 3 · AED (기출)","AED 사용 중 2번 물러서는 이유: 1번째는 ___ 분석 시 오작동 방지, 2번째는 전기 충격 시 ___ 위험 때문이다.","리듬(심전도) / 감전","리듬(심전도) / 감전","혈압 / 화재 / 골절 / 산소"
"응급처치",22,"PART 3 · AED (기출)","AED 사용 시 주의사항을 말하시오.","물기 제거 / 털 제모 후 부착 / 금속 제거 / 분석 시 접촉 금지 / 여성: 브래지어 조정 후 맨 가슴 부착","환자 몸에 물기 있으면 닦아낸 후 사용 / 패드 부착 위치에 털이 많을 경우 제모 후 부착 / 환자 몸에 금속 물질 있으면 제거 후 사용 / 리듬 분석 시 환자에게 닿지 않기 / 여성 환자: 브래지어 위치 조정 후 맨 가슴에 패드 부착","패드를 등에 부착 / 충격 후 바로 환자 접촉 가능 / 전원 끈 채로 패드 부착"
"응급처치",23,"PART 3 · AED (기출)","AED에서 ""제세동이 필요 없다""고 나오면 즉시 ___을 재시작한다.","CPR(심폐소생술)","CPR(심폐소생술)","AED 전원 끄기 / 환자 이송 / 인공호흡만"
"응급처치",24,"PART 4 · 기도 폐쇄·하임리히법 (기출)","기도폐쇄 유형별 응급처치: 부분 폐쇄 → ___ 유도, 완전 폐쇄(의식 있음) → ___, 완전 폐쇄(의식 없음) → ___","기침 / 하임리히법 / CPR","기침 / 하임리히법 / CPR","인공호흡 / AED / 압박"
"응급처치",25,"PART 4 · 기도 폐쇄·하임리히법 (기출)","하임리히법: 환자 ___ 에 서서 한 손 주먹을 ___ 와 배꼽 사이에 대고 다른 손으로 감싼 후 세게 ___ 으로 밀어올린다.","등쪽(뒤) / 명치 / 안쪽 위","등쪽(뒤) / 명치 / 안쪽 위","앞 / 옆 / 배꼽 / 갈비뼈 / 아래쪽 / 옆쪽"
"응급처치",26,"PART 4 · 기도 폐쇄·하임리히법","기도 폐쇄 확인 방법을 말하시오.","초크 사인 / 거친·쉰 숨소리 / 말하기 어려움 / 기침 가능 여부 / 청색증","양손으로 목을 감싸 쥐는 초크 사인(Choking sign) / 거친 숨소리 또는 쉰 소리 / 말을 제대로 하지 못하는 경우 / 기침 가능 여부 / 얼굴·입술이 파랗게 변하는 청색증","발열 여부 / 혈압 하락 / 동공 확대"
"응급처치",27,"PART 5 · 외상 처치 (기출)","출혈 응급처치: 깨끗한 거즈로 출혈 부위를 ___ 압박하고, 상처 부위를 ___ 보다 높게 올린다.","직접 / 심장","직접 / 심장","간접 / 강하게 / 머리 / 바닥"
"응급처치",28,"PART 5 · 외상 처치 (기출)","드레싱을 하는 이유: ___ 방지와 ___ 유지, 상처 배액 흡수를 위함이다.","2차 감염 / 습도","2차 감염 / 습도","출혈 / 체온 / 골절 / 압박 / 통증 / 건조"
"응급처치",29,"PART 5 · 외상 처치 (기출)","골절 응급처치: 함부로 ___ 금지, 출혈 시 ___ 압박, 뼈 돌출 시 억지로 밀어넣지 말고 ___으로 고정.","이동·접촉 / 직접 / 부목","이동·접촉 / 직접 / 부목","간접 / 깁스 / 마사지 / 냉찜질"
"응급처치",30,"PART 5 · 외상 처치 (기출)","골절 분류: ___ 골절은 피부 상처 없이 외부와 차단된 상태, ___ 골절은 뼈가 피부 밖으로 노출된 상태(감염 위험 큼)이다.","폐쇄성 / 개방성","폐쇄성 / 개방성","단순 / 복합 / 1도 / 2도"
"응급처치",31,"PART 5 · 외상 처치 (기출)","화상 종류 5가지를 말하시오.","화염·열탕·전기·화학·접촉 화상","화염 화상 / 열탕 화상 / 전기 화상 / 화학 화상 / 접촉 화상","동상 / 자외선 화상 / 압박 화상"
"응급처치",32,"PART 5 · 외상 처치 (기출)","화상 응급처치: 1도(발적·통증) → ___, 2도(수포·부종) → ___·멸균 드레싱, 3도(통증 없음·흑갈색) → 멸균 드레싱·___ 방지","1도: 찬물 / 2도: 찬물·멸균 드레싱 / 3도: 멸균 드레싱·쇼크 방지","찬물 / 찬물 / 쇼크","온찜질 / 얼음 / 냉찜질포 / 출혈 / 골절 / 탈수"
"응급처치",33,"PART 6 · 쇼크·저체온·동상 (기출)","쇼크의 종류를 말하시오.","출혈성·심인성·패혈성·과민성·저혈량·신경성 쇼크","출혈성 쇼크: 급격한 출혈로 혈압 하락 / 심인성(심장성) 쇼크: 심장 기능 감소 / 패혈성 쇼크: 심각한 혈액 감염 / 과민성 쇼크: 알러지 반응 / 저혈량 쇼크: 혈액 순환량 부족 / 신경성 쇼크: 척추 손상 등","운동성 쇼크 / 열성 쇼크 / 압박성 쇼크"
"응급처치",34,"PART 6 · 쇼크·저체온·동상","쇼크 환자 응급처치: 환자를 눕히고 ___ 를 심장보다 높게 유지하여 ___ 순환을 원활하게 한다.","다리 / 혈액","다리 / 혈액","머리 / 팔 / 산소 / 림프"
"응급처치",35,"PART 6 · 쇼크·저체온·동상 (기출)","저체온증이란 체온이 ___°C 이하로 떨어진 상태로, 응급처치는 젖은 옷 제거 후 ___ 로 감싸고 따뜻한 수분·당분을 공급한다.","35 / 담요","35 / 담요","37 / 36 / 34 / 냉찜질포 / 핫팩"
"응급처치",36,"PART 6 · 쇼크·저체온·동상 (기출)","동상 응급처치: 마찰·움직임 ___, ___~___°C 물에 30~60분 담그기","마찰·움직임 금지 / 37~42°C","금지 / 37 / 42","권장 / 20~30 / 0~4 / 50~60"
"응급처치",37,"PART 7 · RICE·PRICES (기출)","PRICE는 Protection(___)·Rest(___)·Ice(___)·Compression(___)·Elevation(___)이고, PRICES는 여기에 Splint(___)가 추가된다.","보호 / 휴식 / 냉각 / 압박 / 거상 / 부목","보호 / 휴식 / 냉각 / 압박 / 거상 / 부목","재활 / 온찜질 / 마사지 / 수평유지 / 이완 / 마찰"
"응급처치",38,"PART 7 · RICE·PRICES","RICE: R은 ___, I는 ___, C는 ___, E는 ___(부상 부위를 심장보다 높게)이다.","휴식(Rest) / 냉찜질(Ice) / 압박(Compression) / 거상(Elevation)","휴식 / 냉찜질 / 압박 / 거상","운동 / 온찜질 / 마사지 / 수평유지 / 재활 / 얼음찜질 / 하강 / 부목"
"응급처치",39,"PART 7 · RICE·PRICES","맥박촉진법: ___ 끝을 이용하여 주로 ___ 이나 목 부위의 동맥을 촉진하여 심박동을 확인한다.","손가락 / 손목","손가락 / 손목","손바닥 / 발목 / 발가락 / 팔꿈치"
"스포츠 윤리",1,"PART 1 · 생활체육 기본 개념","생활체육이란 ___ 시간을 활용하여 건강 및 체력 증진을 위한 자발적이고 일상적인 체육 활동으로, 신체·정서·사회적으로 ___ 하게 발달하고 삶의 질을 높이는 활동이다.","여가 / 조화","여가 / 조화","훈련 / 전문 / 획일 / 업무"
"스포츠 윤리",2,"PART 1 · 생활체육 기본 개념","생활체육의 본질은 활동 그 자체의 ___ 과 기쁨이며, 개인의 잠재적 욕구를 자연스럽게 ___ 하게 한다.","즐거움 / 표현·발산","즐거움 / 표현·발산","승리 / 억제 / 경쟁"
"스포츠 윤리",3,"PART 1 · 생활체육 기본 개념","생활체육의 필요성 4가지를 말하시오.","건강·체력 증진 요구 / 여가 시간 증가 / 체육 가치관 변화 / 여가 활동 요구 증대","건강과 체력 증진에 대한 요구 증대 / 여가 시간 증가와 대중 스포츠 인구 증가 / 체육에 대한 가치관과 태도의 변화 / 여가 활동에 대한 요구 증대","엘리트 선수 발굴 필요성 / 국제 대회 성적 향상 / 학교 체육 의무화"
"스포츠 윤리",4,"PART 1 · 생활체육 기본 개념","생활체육의 목적(참가자 개인의 기대효과)을 설명하시오.","기분 전환·즐거움 / 건강 유지 / 건전한 여가생활 / 사회생활 능력 함양 / 협동심·준법정신·책임감 함양","기분 전환과 즐거움으로 보람된 일상생활 영위 / 체력 증진을 통해 건강 유지 / 운동기능 향상으로 건전한 여가생활 / 대인관계 원리 터득·사회생활 능력 함양 / 자율적 참가로 협동심·준법정신·책임감 함양","국가 체력 순위 향상 / 메달 획득 / 선수 선발"
"스포츠 윤리",5,"PART 1 · 생활체육 기본 개념","생활체육의 역할 6가지를 말하시오.","인간성 회복 / 평생 교육 / 국민 건강 증진 / 지역 사회 개발 / 청소년 선도 / 여가 선용","인간성 회복 / 평생 교육 / 국민 건강 증진 / 지역 사회 개발 / 청소년 선도 / 여가 선용","국제 경쟁력 강화 / 메달 획득 / 엘리트 선수 발굴"
"스포츠 윤리",6,"PART 1 · 생활체육 기본 개념","생활체육의 목표(체육 행정·정책 방향) 4가지는 체육 내용의 ___, 체육 활동의 ___, 체육 방법의 ___, 체육 환경의 ___이다.","다양화 / 생활화 / 합리화 / 복지화","다양화 / 생활화 / 합리화 / 복지화","전문화 / 의무화 / 국제화 / 상업화"
"스포츠 윤리",7,"PART 1 · 생활체육 기본 개념","Sport for All이란 ___, ___, ___, ___ 에 관계없이 누구나 자유 의지로 스포츠에 참가할 권리를 보장하는 개념으로, ___ 체육과 스포츠 국제 헌장에서 사용되었다.","인종 / 사회 / 계급 / 성별 / 유네스코","인종 / 사회 / 계급 / 성별 / 유네스코","나이 / 지역 / 직업 / 국적 / 종교 / IOC"
"스포츠 윤리",8,"PART 1 · 생활체육 기본 개념","웰니스(Wellness)란 질병의 ___ 를 넘어서 삶을 만족스럽게 영위할 수 있는 최적의 ___ 와 활력 상태로, 신체·정신·사회적으로 건강한 상태를 추구하는 것이다.","유무 / 건강","유무 / 건강","종류 / 체력 / 원인"
"스포츠 윤리",9,"PART 2 · 생활체육 기능·구성","생활체육의 기능을 생리적·심리적·사회적 측면으로 설명하시오.","생리적: 신체 기능 활성화·근력·지구력·체중 조절 / 심리적: 스트레스 해소·자아존중감·정서적 균형 / 사회적: 공동체 의식·소속감·사회 통합","신체 기능 활성화·근력·지구력 / 스트레스 해소·자아존중감 / 공동체 의식·소속감","면역 강화 / 체중 조절 / 정서 안정 / 경쟁력 향상 / 사회 통합"
"스포츠 윤리",10,"PART 2 · 생활체육 기능·구성","생활체육의 구성 원리 5가지는 ___, ___, ___, ___, ___이다.","목적성 / 개별성 / 자발성 / 창조성 / 평가성","목적성 / 개별성 / 자발성 / 창조성 / 평가성","강제성 / 획일성 / 경쟁성"
"스포츠 윤리",11,"PART 2 · 생활체육 기능·구성","생활체육의 구성 요소 4가지는 ___, ___, ___, ___이다.","프로그램 / 시설 / 지도자 / 홍보","프로그램 / 시설 / 지도자 / 홍보","참가자 / 재정"
"스포츠 윤리",12,"PART 2 · 생활체육 기능·구성","생활체육의 영역 4가지는 ___ 체육, ___ 체육, ___ 체육, ___ 체육이다.","가정 / 직장 / 지역사회 / 상업","가정 / 직장 / 지역사회 / 상업","학교 / 공공 / 국제"
"스포츠 윤리",13,"PART 2 · 생활체육 기능·구성","생애주기에 따른 생활체육 지도를 설명하시오.","유아기: 대근육 놀이 / 아동기: 팀 스포츠 / 청소년기: 뼈 성장 운동 / 성인기: 유산소+근력 / 노년기: 평형성·사회화","유아기: 대근육 위주 놀이 중심 신체활동 / 아동기: 팀 스포츠·도구 활용 놀이 / 청소년기: 2차 성징 시기·뼈 성장에 도움 되는 운동 / 성인기(중장년기): 유산소 운동과 근력 운동 병행 / 노년기: 평형성 운동·사회화 레크리에이션","유아기: 근력 운동 / 청소년기: 노화 대비 유산소 / 노년기: 고강도 훈련"
"스포츠 윤리",14,"PART 3 · 생활체육 지도자","생활체육 지도자의 자질을 설명하시오.","의사전달능력 / 사명감 / 강인한 성격 / 도덕적 품성 / 칭찬의 미덕 / 공정성","의사전달능력: 의사소통·지도의 선결 요건 / 투철한 사명감: 자발적 의지로 목표 성취 / 활달하고 강인한 성격: 친근감·신뢰감 형성 / 도덕적 품성: 원만한 인간관계 형성 / 칭찬의 미덕: 참가자의 긍정적 동기 유발 / 공정성: 모든 참가자를 평등하게 대우","권위주의적 태도 / 성과 중심 지도 / 엄격한 규율 강조"
"스포츠 윤리",15,"PART 3 · 생활체육 지도자","생활체육 지도의 원리를 설명하시오.","목적·자발성·개성화·사회화·창조·반복연습·계통성·평가의 원리","목적의 원리: 목적 설정 및 지속적 동기부여 / 자발성의 원리: 자발적 참여 유도 / 개성화의 원리: 개인차를 고려하여 지도 / 사회화의 원리: 참가자들 간 유대 형성 / 창조의 원리: 창조적 체육활동 도모 / 반복연습의 원리: 반복 연습으로 목표 성취 유도 / 계통성의 원리: 통일된 지도·훈련 / 평가의 원리: 지도 결과 평가","강제의 원리 / 획일화의 원리 / 경쟁의 원리"
"스포츠 윤리",16,"PART 3 · 생활체육 지도자","생활체육지도자가 이수해야 하는 교육 4가지를 말하시오.","성폭력 등 폭력 예방교육 / 도핑방지 교육 / 인성 교육 / 리더십 교육","폭력 예방교육 / 도핑방지 교육 / 인성 교육 / 리더십 교육","응급처치 교육 / 심판 교육 / 재정 교육"
"스포츠 윤리",17,"PART 4 · 생활체육 프로그램·시설","생활체육 프로그램의 구성 요소 7가지를 말하시오.","참가자 / 지도자 / 시설 및 장소 / 재정 / 활동 종목 / 홍보 / 활동의 안전성","참가자 / 지도자 / 시설 및 장소 / 재정 / 활동 종목 / 홍보 / 안전성","성적 관리 / 경쟁 시스템 / 포상 제도"
"스포츠 윤리",18,"PART 4 · 생활체육 프로그램·시설","생활체육 프로그램의 구성 원리를 설명하시오.","평등성·창조성·욕구반영성·전문성·다양성·보완성·편의성·평가성","평등성: 모든 사람이 참여할 수 있어야 함 / 창조성: 창조적인 체육활동 도모 / 욕구반영성: 참가자의 욕구 반영 / 전문성: 전문가에 의해 운영·감독 / 다양성: 다양한 프로그램 개발 / 보완성: 평가 후 지속적인 수정·보완 / 편의성: 쉽게 참여 가능 / 평가성: 지속적·객관적 평가","획일성 / 경쟁성 / 강제성"
"스포츠 윤리",19,"PART 4 · 생활체육 프로그램·시설","생활체육 프로그램 계획 과정을 설명하시오.","목적·철학 이해 → 욕구 조사 → 목적·목표 설정 → 계획 수립 → 실행 → 평가 → 보완","목적·철학 이해 / 욕구 조사 / 목적·목표 설정 / 계획 수립 / 실행 / 평가 / 보완","성적 집계 / 선수 선발 / 재정 삭감"
"스포츠 윤리",20,"PART 4 · 생활체육 프로그램·시설","생활체육 시설의 종류 4가지는 ___ 체육시설, ___ 체육시설, ___ 체육시설, ___ 체육시설이다.","공공 / 학교 / 직장 / 민간","공공 / 학교 / 직장 / 민간","사설 / 국공립 / 국제"
"스포츠 윤리",21,"PART 5 · 스포츠 인권","스포츠 현장에서 인권이란 스포츠 구성원들이 ___ 받지 않고 ___ 하게 스포츠를 즐길 수 있는 권리이다.","차별 / 공정","차별 / 공정","비교 / 평등 / 자유롭 / 제한"
"스포츠 윤리",22,"PART 5 · 스포츠 인권","체육인 인권보호 규정의 목적은 체육인의 기본적 ___ 보호와 ___ 예방에 필요한 사항을 규정하여 체육인의 인간적 존엄과 가치의 실현을 목적으로 한다.","인권 / 인권침해","인권 / 인권침해","안전 / 사고 / 도핑 / 복지"
"스포츠 윤리",23,"PART 5 · 스포츠 인권","체육인 인권침해 사례를 설명하시오.","폭행·협박 / 욕설·폭언 / 명예훼손 / 사적 용무 강요 / 성적 굴욕감 유발 / 2차 가해","신체를 폭행하거나 협박하는 행위 / 지속·반복적인 욕설이나 폭언 / 다른 사람들 앞이나 온라인상에서 명예를 훼손하는 행위 / 합리적 이유 없이 반복적 개인 심부름·사적 용무 지시 / 지위를 이용하여 성적 굴욕감·혐오감을 느끼게 하는 행위 / 피해자·신고자에게 협박·회유로 2차 가해를 하는 행위","훈련 강도 조절 요청 / 경기 출전 의견 제시 / 영양 보충제 추천"
"스포츠 윤리",24,"PART 5 · 스포츠 인권","경기인 인권 보호를 위한 대회운영지침 3가지를 말하시오.","대회 기간 중 휴식권 보장 / 18세 이하 주중 지양·주말 확대(학습권 보장) / 인권교육으로 인권침해 방지 인식 제고","대회 기간 중 휴식권 보장 / 18세 이하 주중 지양·주말 확대 / 인권교육으로 인권침해 방지","훈련 강화 / 성적 평가 의무화 / 도핑 검사 확대"
"스포츠 윤리",25,"PART 5 · 스포츠 인권","학습권 침해란 ___ 을 받을 수 있는 권리가 침해되는 상황으로, 수업 불참·훈련 ___ 로 학업 소홀·학교 행사 불참 등이 있다.","교육 / 피로도","교육 / 피로도","훈련 / 성적 / 휴식 / 원인"
"스포츠 윤리",26,"PART 5 · 스포츠 인권","IOC에서 정의하는 폭력의 유형 5가지를 설명하시오.","정신적 학대 / 신체적 학대 / 성희롱 / 성적 학대 / 방임","정신적 학대: 정체성·존엄성·자존감을 떨어뜨리는 행위 / 신체적 학대: 신체적 부상을 일으킬 수 있는 행위 / 성희롱: 상대방이 원하지 않는 모든 언어적·비언어적 성적 행위 / 성적 학대: 동의 없이 또는 동의를 강요하는 상황에서 발생하는 성적 언동 / 방임: 보호 의무가 있는 사람이 선수가 해를 입는 상황에서 보호하지 않는 것","경제적 착취 / 도핑 강요 / 훈련 방임"
"스포츠 윤리",27,"PART 6 · 스포츠 폭력","스포츠 폭력이란 스포츠 참여자를 대상으로 신체적·정신적·정서적·___ 피해를 주는 폭력 행위이다.","경제적","경제적","사회적 / 법적 / 환경적"
"스포츠 윤리",28,"PART 6 · 스포츠 폭력","스포츠 폭력의 유형(행위별)을 설명하시오.","언어폭력 / 신체폭력 / 성폭력 / 사이버폭력·괴롭힘 / 일상적 통제 / 금품 갈취 / 심리적 폭력(따돌림)","언어폭력 / 신체폭력 / 성폭력 / 사이버폭력·괴롭힘 / 일상적 통제 / 금품 갈취 / 심리적 폭력(따돌림)","경제적 지원 거부 / 훈련 강도 조절 / 포지션 변경"
"스포츠 윤리",29,"PART 6 · 스포츠 폭력","스포츠 폭력의 원인 2가지는 ___ 지상주의에서의 폭력 정당화와 성과 중심 훈련 방식으로 인한 지도자의 과도한 영향력(___) 이다.","메달 / 폭력의 재생산·관행적 묵인","메달 / 폭력의 재생산·관행적 묵인","개인 성격 / 시설 부족 / 규칙 미비 / 훈련 방식 / 도핑"
"스포츠 윤리",30,"PART 6 · 스포츠 폭력","스포츠 폭력 예방법(지도자)을 설명하시오.","기합·가혹행위 금지 / 과도한 훈련 금지 / 평등한 대우 / 인격 훼손 금지 / 훈련 외 시간 강제 조정 금지","경기력 향상·팀 단합을 이유로 기합이나 가혹행위 금지 / 선수가 감당할 수 없는 과도한 훈련 금지 / 특정 선수를 편애하지 않고 모든 선수를 평등하게 대하기 / 선수의 인격·명예를 훼손하는 언행 금지 / 정해진 훈련 시간 외 시간 강제 조정 금지","훈련 강도를 최대로 높이기 / 선수 개인 정보 공유 / 성적 우수 선수 우선 관리"
"스포츠 윤리",31,"PART 6 · 스포츠 폭력","스포츠 폭력 발생 시 대처 절차: ① ___ 안전 확보(최우선) → ②응급 대응·증거 확보 → ③상황 파악 → ④___ 신고 → ⑤치료","피해자 / 수사기관(스포츠인권센터·대한체육회)","피해자 / 수사기관","가해자 / 협회 / 목격자"
"스포츠 윤리",32,"PART 6 · 스포츠 폭력","폭력 행위 징계 기준: 극히 경미, 경미, 중대의 3단계와 기준을 말하시오.","극히 경미: 1년 미만 / 경미: 1년 이상 3년 미만 / 중대: 3년 이상 또는 영구제명","극히 경미: 1년 미만 / 경미: 1년 이상 3년 미만 / 중대: 3년 이상 또는 영구제명","경미: 6개월 미만 / 중대: 1년 이상 / 극히 경미: 6개월 이상 1년 미만"
"스포츠 윤리",33,"PART 6 · 스포츠 폭력","스포츠 폭력 예방을 위한 지도방법(행동규범)을 설명하시오.","인권교육·코칭 역량 강화 / 열린 소통 채널 구축 / 선수 지원 시스템 활용 / 매뉴얼 숙지·준수","정기적인 인권교육과 코칭 역량 강화 프로그램 참여 / 선수들과 열린 소통 채널 구축 / 심리상담 등 선수 지원 시스템 활용 / 선수 인권 보호를 위해 매뉴얼 숙지와 준수","훈련 강도 최대화 / 성적 우수 선수 집중 관리 / 훈련 외 활동 통제"
"스포츠 윤리",34,"PART 7 · 스포츠 성폭력·성희롱","성희롱·성추행·강제추행·성폭행·성폭력을 각각 설명하시오.","성희롱: 굴욕감·수치심 유발 / 성추행: 동의 없는 성적 가해 / 강제추행: 폭행·협박으로 추행 / 성폭행: 폭행·협박으로 성관계 강제 / 성폭력: 위 네 가지 포함하는 가장 큰 범주","성희롱: 성적 언행으로 굴욕감·수치심 유발 / 성추행: 동의 없는 간음 이외의 성적 가해 / 강제추행: 폭행·협박으로 강제 추행 / 성폭행: 폭행·협박으로 성관계 강제 / 성폭력: 위 네 가지를 포함하는 가장 큰 범주","성희롱: 신체적 폭행 / 성추행: 언어적 모욕 / 성폭력: 신체폭력만 포함"
"스포츠 윤리",35,"PART 7 · 스포츠 성폭력·성희롱","성적 자기결정권이란 자신의 성적 ___ 을 바탕으로, 사생활 영역에서 ___ 내린 성적 결정에 따라 자기 책임 하에 성적 의사를 결정할 수 있는 권리이다.","가치관 / 스스로","가치관 / 스스로","본능 / 타인이 / 경험"
"스포츠 윤리",36,"PART 7 · 스포츠 성폭력·성희롱","성인지 감수성이란 성별 간의 ___ 에 대한 이해와 지식을 갖춰 일상생활 속에서 성차별적 요소를 ___ 해내는 민감성이다.","불균형 / 감지","불균형 / 감지","차이 / 제거 / 무시 / 갈등"
"스포츠 윤리",37,"PART 7 · 스포츠 성폭력·성희롱","성 그루밍이란 상대방과 오랜 기간 ___ 을 쌓아 심리적으로 ___ 한 뒤 언어적·신체적·성적 가해 행위를 하는 것이다.","친밀감 / 지배","친밀감 / 지배","적대감 / 회유 / 신뢰 / 복종"
"스포츠 윤리",38,"PART 7 · 스포츠 성폭력·성희롱","스포츠 성폭력의 원인 3가지는 ___ (신체적·심리적·사회적 권력 차이), ___ (남성 우월주의 등), ___ (성에 대한 잘못된 지식·편견)이다.","힘의 차이 / 성차별적 문화 / 왜곡된 성 인식","힘의 차이 / 성차별적 문화 / 왜곡된 성 인식","개인 성격 / 시설 부족 / 규칙 미비 / 도핑"
"스포츠 윤리",39,"PART 7 · 스포츠 성폭력·성희롱","스포츠 성폭력 피해자 대처 방법을 설명하시오.","피해 상황 즉시 이탈 / 옷차림 그대로 즉시 병원 방문 / 증거 확보 / 관련 기관 도움 요청 / 치료","피해 상황에서 즉시 벗어나기 / 피해 옷차림 그대로 즉시 병원 방문 / 피해 사실 기록 및 증거 자료 확보 / 스포츠인권센터·한국성폭력상담소·수사기관·주변인에게 도움 요청 / 치료에 적극적으로 임하기","가해자에게 직접 항의 / 팀 내에서 자체 해결 / 옷을 즉시 세탁"
"스포츠 윤리",40,"PART 7 · 스포츠 성폭력·성희롱","스포츠 성폭력 2차 피해란 피해 사실을 근거로 ___ 옹호·피해자 ___ 등 부정적 반응으로 피해자가 추가적인 정신적·사회적·경제적 불이익을 받게 되는 것이다.","가해자 / 비난·신상 유출","가해자 / 비난·신상 유출","피해자 / 옹호 / 지지"
"스포츠 윤리",41,"PART 7 · 스포츠 성폭력·성희롱","성폭력 피해자에게 신속한 응급대처가 필요한 이유를 설명하시오.","심리적 안정 제공 / 신체적 외상 치료 / 증거 확보 / 성병·임신 예방","정신적 충격과 후유증 최소화로 심리적 안정 제공 / 신체적 외상의 진료 및 치료 / 법적 대응을 위한 증거 확보 / 성병 및 임신 예방","가해자를 빨리 처벌하기 위해 / 언론 보도를 방지하기 위해 / 팀 분위기 회복을 위해"
"스포츠 윤리",42,"PART 7 · 스포츠 성폭력·성희롱","성폭력 2차 피해 예방 방법 4가지를 말하시오.","①피해자·신고자 신변 노출 금지 / ②피해자 탓 금지 / ③가해자 옹호 금지 / ④가해자 보복행위 차단·피해자 보호 우선","피해자·신고자 신변 노출 금지 / 피해자 탓 금지 / 가해자 옹호 금지 / 가해자 보복행위 차단·피해자 보호 우선","피해자 즉시 팀에서 분리 / 사건 빠른 공개 / 피해자·가해자 직접 대면"
"스포츠 윤리",43,"PART 7 · 스포츠 성폭력·성희롱","성폭력·성추행·성희롱 징계 기준을 말하시오.","성폭력: 영구제명 / 성추행 중대: 영구제명 / 성희롱 극히 경미: 1년 미만","성폭력: 영구제명 / 성추행 중대: 영구제명 / 성희롱 극히 경미: 1년 미만","성폭력: 3년 이상 / 성희롱 경미: 3년 이상 / 성추행 경미: 6개월 미만"
